<?xml version="1.0" encoding="utf-8" ?>
<dwsync>
<file name="message.php" server="www.ili-studios.com//domains/erp.ili-studios.com/public_html/" local="130918980083149797" remote="130919013600000000" Dst="0" />
<file name="notification.php" server="www.ili-studios.com//domains/erp.ili-studios.com/public_html/" local="130916442554987703" remote="130919013600000000" Dst="0" />
<file name="page_header.php" server="www.ili-studios.com//domains/erp.ili-studios.com/public_html/" local="130916431624710783" remote="130919013600000000" Dst="0" />
<file name="sidebar.php" server="www.ili-studios.com//domains/erp.ili-studios.com/public_html/" local="130912932435549498" remote="130919013600000000" Dst="0" />
<file name="index.html" server="www.hebergili.com//public_html/" local="130924235578572706" remote="130927725000000000" Dst="0" />
<file name="message.php" server="www.hebergili.com//public_html/" local="130921541477711982" remote="130927725000000000" Dst="0" />
<file name="notification.php" server="www.hebergili.com//public_html/" local="130921426023960327" remote="130927725000000000" Dst="0" />
<file name="page_header.php" server="www.hebergili.com//public_html/" local="130923984934355101" remote="130927725000000000" Dst="0" />
<file name="sidebar.php" server="www.hebergili.com//public_html/" local="130927706577190644" remote="130927725000000000" Dst="0" />
<file name="index.html" server="erp.ili-studios.com/public_html/" local="130936197487625704" remote="130945720200000000" Dst="0" />
<file name="message.php" server="erp.ili-studios.com/public_html/" local="130936197487845906" remote="130945720200000000" Dst="0" />
<file name="notification.php" server="erp.ili-studios.com/public_html/" local="130936197488146171" remote="130945720200000000" Dst="0" />
<file name="page_header.php" server="erp.ili-studios.com/public_html/" local="130945713207935121" remote="130945720200000000" Dst="0" />
<file name="sidebar.php" server="erp.ili-studios.com/public_html/" local="130939700558746885" remote="130945720200000000" Dst="0" />
<file name="page_header.php" server="erp-aa-v1.ili-studios.tn//public_html/" local="131008865074408668" remote="131057280600000000" Dst="0" />
<file name="message.php" server="erp-aa-v1.ili-studios.tn//public_html/" local="131053150536075961" remote="131057280600000000" Dst="0" />
<file name="notification.php" server="erp-aa-v1.ili-studios.tn//public_html/" local="131053151601699224" remote="131057280600000000" Dst="0" />
<file name="sidebar.php" server="erp-aa-v1.ili-studios.tn//public_html/" local="131056578381102566" remote="131057280600000000" Dst="0" />
<file name="index.html" server="erp-aa-v1.ili-studios.tn//public_html/" local="130936197487625704" remote="131057286000000000" Dst="0" />
<file name="page_header.php" server="ili-studios.tn//public_html/projets/iLi-ERP-AA-V1/" local="131008865074408668" remote="131082363000000000" Dst="0" />
<file name="message.php" server="ili-studios.tn//public_html/projets/iLi-ERP-AA-V1/" local="131053150536075961" remote="131082363000000000" Dst="0" />
<file name="notification.php" server="ili-studios.tn//public_html/projets/iLi-ERP-AA-V1/" local="131053151601699224" remote="131082363000000000" Dst="0" />
<file name="sidebar.php" server="ili-studios.tn//public_html/projets/iLi-ERP-AA-V1/" local="131080407077349169" remote="131082363000000000" Dst="0" />
<file name="index.html" server="ili-studios.tn//public_html/projets/iLi-ERP-AA-V1/" local="130936197487625704" remote="131058834600000000" Dst="0" />
</dwsync>