<?xml version="1.0" encoding="utf-8" ?>
<dwsync>
<file name="Inbox.php" server="erp-aa-v1.ili-studios.tn//public_html/" local="131009624473134955" remote="131057286000000000" Dst="0" />
<file name="MessageGetAll.php" server="erp-aa-v1.ili-studios.tn//public_html/" local="131008788019368642" remote="131057286000000000" Dst="0" />
<file name="MessageGetAllHeader.php" server="erp-aa-v1.ili-studios.tn//public_html/" local="131008794049633308" remote="131057286000000000" Dst="0" />
<file name="MessageGetSumHeader.php" server="erp-aa-v1.ili-studios.tn//public_html/" local="131008880686367510" remote="131057286000000000" Dst="0" />
<file name="NotifGetAllNonSeen.php" server="erp-aa-v1.ili-studios.tn//public_html/" local="131008888267281548" remote="131057286000000000" Dst="0" />
<file name="NotifGetSumNonSeen.php" server="erp-aa-v1.ili-studios.tn//public_html/" local="131008885673281477" remote="131057286000000000" Dst="0" />
<file name="Inbox.php" server="ili-studios.tn//public_html/projets/iLi-ERP-AA-V1/" local="131009624473134955" remote="131058834600000000" Dst="0" />
<file name="MessageGetAll.php" server="ili-studios.tn//public_html/projets/iLi-ERP-AA-V1/" local="131008788019368642" remote="131058834600000000" Dst="0" />
<file name="MessageGetSumHeader.php" server="ili-studios.tn//public_html/projets/iLi-ERP-AA-V1/" local="131008880686367510" remote="131058834600000000" Dst="0" />
<file name="MessageGetAllHeader.php" server="ili-studios.tn//public_html/projets/iLi-ERP-AA-V1/" local="131008794049633308" remote="131058834600000000" Dst="0" />
<file name="NotifGetAllNonSeen.php" server="ili-studios.tn//public_html/projets/iLi-ERP-AA-V1/" local="131008888267281548" remote="131058834600000000" Dst="0" />
<file name="NotifGetSumNonSeen.php" server="ili-studios.tn//public_html/projets/iLi-ERP-AA-V1/" local="131008885673281477" remote="131058834600000000" Dst="0" />
</dwsync>