<?xml version="1.0" encoding="utf-8" ?>
<dwsync>
<file name="dialog.css" server="www.ili-studios.com//domains/erp.ili-studios.com/public_html/" local="130909279828659002" remote="130919019000000000" Dst="0" />
<file name="dialog_ie.css" server="www.ili-studios.com//domains/erp.ili-studios.com/public_html/" local="130909279828719064" remote="130919019000000000" Dst="0" />
<file name="dialog_ie8.css" server="www.ili-studios.com//domains/erp.ili-studios.com/public_html/" local="130909279828829163" remote="130919019000000000" Dst="0" />
<file name="dialog_ie7.css" server="www.ili-studios.com//domains/erp.ili-studios.com/public_html/" local="130909279828769113" remote="130919019000000000" Dst="0" />
<file name="dialog_iequirks.css" server="www.ili-studios.com//domains/erp.ili-studios.com/public_html/" local="130909279828869199" remote="130919019000000000" Dst="0" />
<file name="dialog_opera.css" server="www.ili-studios.com//domains/erp.ili-studios.com/public_html/" local="130909279828939296" remote="130919019000000000" Dst="0" />
<file name="editor.css" server="www.ili-studios.com//domains/erp.ili-studios.com/public_html/" local="130909279828989298" remote="130919019000000000" Dst="0" />
<file name="editor_gecko.css" server="www.ili-studios.com//domains/erp.ili-studios.com/public_html/" local="130909279829049374" remote="130919019000000000" Dst="0" />
<file name="icons.png" server="www.ili-studios.com//domains/erp.ili-studios.com/public_html/" local="130909279829269559" remote="130919019000000000" Dst="0" />
<file name="editor_ie8.css" server="www.ili-studios.com//domains/erp.ili-studios.com/public_html/" local="130909279829199492" remote="130919019000000000" Dst="0" />
<file name="editor_ie.css" server="www.ili-studios.com//domains/erp.ili-studios.com/public_html/" local="130909279829109411" remote="130919019000000000" Dst="0" />
<file name="editor_ie7.css" server="www.ili-studios.com//domains/erp.ili-studios.com/public_html/" local="130909279829149477" remote="130919019000000000" Dst="0" />
<file name="editor_iequirks.css" server="www.ili-studios.com//domains/erp.ili-studios.com/public_html/" local="130909279829259558" remote="130919019000000000" Dst="0" />
<file name="readme.md" server="www.ili-studios.com//domains/erp.ili-studios.com/public_html/" local="130909279829349631" remote="130919019000000000" Dst="0" />
<file name="dialog.css" server="www.hebergili.com//public_html/" local="130909279828659002" remote="130927728600000000" Dst="0" />
<file name="dialog_ie.css" server="www.hebergili.com//public_html/" local="130909279828719064" remote="130927728600000000" Dst="0" />
<file name="dialog_ie8.css" server="www.hebergili.com//public_html/" local="130909279828829163" remote="130927728600000000" Dst="0" />
<file name="dialog_ie7.css" server="www.hebergili.com//public_html/" local="130909279828769113" remote="130927728600000000" Dst="0" />
<file name="dialog_iequirks.css" server="www.hebergili.com//public_html/" local="130909279828869199" remote="130927728600000000" Dst="0" />
<file name="dialog_opera.css" server="www.hebergili.com//public_html/" local="130909279828939296" remote="130927728600000000" Dst="0" />
<file name="editor.css" server="www.hebergili.com//public_html/" local="130909279828989298" remote="130927728600000000" Dst="0" />
<file name="icons.png" server="www.hebergili.com//public_html/" local="130909279829269559" remote="130927728600000000" Dst="0" />
<file name="editor_gecko.css" server="www.hebergili.com//public_html/" local="130909279829049374" remote="130927728600000000" Dst="0" />
<file name="editor_ie.css" server="www.hebergili.com//public_html/" local="130909279829109411" remote="130927728600000000" Dst="0" />
<file name="editor_ie7.css" server="www.hebergili.com//public_html/" local="130909279829149477" remote="130927728600000000" Dst="0" />
<file name="editor_ie8.css" server="www.hebergili.com//public_html/" local="130909279829199492" remote="130927728600000000" Dst="0" />
<file name="editor_iequirks.css" server="www.hebergili.com//public_html/" local="130909279829259558" remote="130927728600000000" Dst="0" />
<file name="readme.md" server="www.hebergili.com//public_html/" local="130909279829349631" remote="130927728600000000" Dst="0" />
<file name="dialog.css" server="erp.ili-studios.com/public_html/" local="130936197603009435" remote="130945722600000000" Dst="0" />
<file name="dialog_ie.css" server="erp.ili-studios.com/public_html/" local="130936197603089503" remote="130945722600000000" Dst="0" />
<file name="dialog_ie7.css" server="erp.ili-studios.com/public_html/" local="130936197603179584" remote="130945722600000000" Dst="0" />
<file name="dialog_iequirks.css" server="erp.ili-studios.com/public_html/" local="130936197603319710" remote="130945722600000000" Dst="0" />
<file name="dialog_ie8.css" server="erp.ili-studios.com/public_html/" local="130936197603249651" remote="130945722600000000" Dst="0" />
<file name="dialog_opera.css" server="erp.ili-studios.com/public_html/" local="130936197603379759" remote="130945722600000000" Dst="0" />
<file name="editor.css" server="erp.ili-studios.com/public_html/" local="130936197603449827" remote="130945722600000000" Dst="0" />
<file name="editor_gecko.css" server="erp.ili-studios.com/public_html/" local="130936197603509876" remote="130945722600000000" Dst="0" />
<file name="icons.png" server="erp.ili-studios.com/public_html/" local="130936197604620887" remote="130945722600000000" Dst="0" />
<file name="editor_ie.css" server="erp.ili-studios.com/public_html/" local="130936197603569926" remote="130945722600000000" Dst="0" />
<file name="editor_ie8.css" server="erp.ili-studios.com/public_html/" local="130936197604540798" remote="130945722600000000" Dst="0" />
<file name="editor_iequirks.css" server="erp.ili-studios.com/public_html/" local="130936197604610873" remote="130945722600000000" Dst="0" />
<file name="editor_ie7.css" server="erp.ili-studios.com/public_html/" local="130936197604490753" remote="130945722600000000" Dst="0" />
<file name="readme.md" server="erp.ili-studios.com/public_html/" local="130936197604851085" remote="130945722600000000" Dst="0" />
<file name="dialog.css" server="erp-aa-v1.ili-studios.tn//public_html/" local="130936197603009435" remote="131057283600000000" Dst="0" />
<file name="dialog_ie.css" server="erp-aa-v1.ili-studios.tn//public_html/" local="130936197603089503" remote="131057283600000000" Dst="0" />
<file name="dialog_ie7.css" server="erp-aa-v1.ili-studios.tn//public_html/" local="130936197603179584" remote="131057283600000000" Dst="0" />
<file name="dialog_ie8.css" server="erp-aa-v1.ili-studios.tn//public_html/" local="130936197603249651" remote="131057283600000000" Dst="0" />
<file name="dialog_iequirks.css" server="erp-aa-v1.ili-studios.tn//public_html/" local="130936197603319710" remote="131057283600000000" Dst="0" />
<file name="dialog_opera.css" server="erp-aa-v1.ili-studios.tn//public_html/" local="130936197603379759" remote="131057283600000000" Dst="0" />
<file name="editor.css" server="erp-aa-v1.ili-studios.tn//public_html/" local="130936197603449827" remote="131057283600000000" Dst="0" />
<file name="editor_gecko.css" server="erp-aa-v1.ili-studios.tn//public_html/" local="130936197603509876" remote="131057283600000000" Dst="0" />
<file name="icons.png" server="erp-aa-v1.ili-studios.tn//public_html/" local="130936197604620887" remote="131057283600000000" Dst="0" />
<file name="editor_ie8.css" server="erp-aa-v1.ili-studios.tn//public_html/" local="130936197604540798" remote="131057283600000000" Dst="0" />
<file name="editor_ie.css" server="erp-aa-v1.ili-studios.tn//public_html/" local="130936197603569926" remote="131057283600000000" Dst="0" />
<file name="editor_ie7.css" server="erp-aa-v1.ili-studios.tn//public_html/" local="130936197604490753" remote="131057283600000000" Dst="0" />
<file name="editor_iequirks.css" server="erp-aa-v1.ili-studios.tn//public_html/" local="130936197604610873" remote="131057283600000000" Dst="0" />
<file name="readme.md" server="erp-aa-v1.ili-studios.tn//public_html/" local="130936197604851085" remote="131057283600000000" Dst="0" />
<file name="dialog.css" server="ili-studios.tn//public_html/projets/iLi-ERP-AA-V1/" local="130936197603009435" remote="131058831000000000" Dst="0" />
<file name="dialog_ie8.css" server="ili-studios.tn//public_html/projets/iLi-ERP-AA-V1/" local="130936197603249651" remote="131058831000000000" Dst="0" />
<file name="dialog_ie.css" server="ili-studios.tn//public_html/projets/iLi-ERP-AA-V1/" local="130936197603089503" remote="131058831000000000" Dst="0" />
<file name="dialog_ie7.css" server="ili-studios.tn//public_html/projets/iLi-ERP-AA-V1/" local="130936197603179584" remote="131058831000000000" Dst="0" />
<file name="dialog_iequirks.css" server="ili-studios.tn//public_html/projets/iLi-ERP-AA-V1/" local="130936197603319710" remote="131058831000000000" Dst="0" />
<file name="dialog_opera.css" server="ili-studios.tn//public_html/projets/iLi-ERP-AA-V1/" local="130936197603379759" remote="131058831000000000" Dst="0" />
<file name="editor.css" server="ili-studios.tn//public_html/projets/iLi-ERP-AA-V1/" local="130936197603449827" remote="131058831000000000" Dst="0" />
<file name="editor_gecko.css" server="ili-studios.tn//public_html/projets/iLi-ERP-AA-V1/" local="130936197603509876" remote="131058831000000000" Dst="0" />
<file name="icons.png" server="ili-studios.tn//public_html/projets/iLi-ERP-AA-V1/" local="130936197604620887" remote="131058831000000000" Dst="0" />
<file name="editor_ie8.css" server="ili-studios.tn//public_html/projets/iLi-ERP-AA-V1/" local="130936197604540798" remote="131058831000000000" Dst="0" />
<file name="editor_ie.css" server="ili-studios.tn//public_html/projets/iLi-ERP-AA-V1/" local="130936197603569926" remote="131058831000000000" Dst="0" />
<file name="editor_ie7.css" server="ili-studios.tn//public_html/projets/iLi-ERP-AA-V1/" local="130936197604490753" remote="131058831000000000" Dst="0" />
<file name="editor_iequirks.css" server="ili-studios.tn//public_html/projets/iLi-ERP-AA-V1/" local="130936197604610873" remote="131058831000000000" Dst="0" />
<file name="readme.md" server="ili-studios.tn//public_html/projets/iLi-ERP-AA-V1/" local="130936197604851085" remote="131058831000000000" Dst="0" />
<file name="dialog_ie.css" server="ili-manager-1.0.ili-studios.tn//public_html/" local="130936197603089503" remote="131082422400000000" Dst="0" />
<file name="dialog_ie8.css" server="ili-manager-1.0.ili-studios.tn//public_html/" local="130936197603249651" remote="131082422400000000" Dst="0" />
<file name="dialog_ie7.css" server="ili-manager-1.0.ili-studios.tn//public_html/" local="130936197603179584" remote="131082422400000000" Dst="0" />
<file name="dialog_opera.css" server="ili-manager-1.0.ili-studios.tn//public_html/" local="130936197603379759" remote="131082422400000000" Dst="0" />
<file name="dialog_iequirks.css" server="ili-manager-1.0.ili-studios.tn//public_html/" local="130936197603319710" remote="131082422400000000" Dst="0" />
<file name="editor.css" server="ili-manager-1.0.ili-studios.tn//public_html/" local="130936197603449827" remote="131082422400000000" Dst="0" />
<file name="editor_gecko.css" server="ili-manager-1.0.ili-studios.tn//public_html/" local="130936197603509876" remote="131082422400000000" Dst="0" />
<file name="icons.png" server="ili-manager-1.0.ili-studios.tn//public_html/" local="130936197604620887" remote="131082422400000000" Dst="0" />
<file name="editor_ie8.css" server="ili-manager-1.0.ili-studios.tn//public_html/" local="130936197604540798" remote="131082422400000000" Dst="0" />
<file name="editor_ie.css" server="ili-manager-1.0.ili-studios.tn//public_html/" local="130936197603569926" remote="131082422400000000" Dst="0" />
<file name="editor_ie7.css" server="ili-manager-1.0.ili-studios.tn//public_html/" local="130936197604490753" remote="131082422400000000" Dst="0" />
<file name="editor_iequirks.css" server="ili-manager-1.0.ili-studios.tn//public_html/" local="130936197604610873" remote="131082422400000000" Dst="0" />
<file name="readme.md" server="ili-manager-1.0.ili-studios.tn//public_html/" local="130936197604851085" remote="131082422400000000" Dst="0" />
</dwsync>