<?xml version="1.0" encoding="utf-8" ?>
<dwsync>
<file name="1_s.jpg" server="www.ili-studios.com//domains/erp.ili-studios.com/public_html/" local="130909279833923737" remote="130919020200000000" Dst="0" />
<file name="1_b.jpg" server="www.ili-studios.com//domains/erp.ili-studios.com/public_html/" local="130909279833823665" remote="130919020200000000" Dst="0" />
<file name="2_b.jpg" server="www.ili-studios.com//domains/erp.ili-studios.com/public_html/" local="130909279833993805" remote="130919020200000000" Dst="0" />
<file name="2_s.jpg" server="www.ili-studios.com//domains/erp.ili-studios.com/public_html/" local="130909279834043841" remote="130919020200000000" Dst="0" />
<file name="3_b.jpg" server="www.ili-studios.com//domains/erp.ili-studios.com/public_html/" local="130909279834163966" remote="130919020200000000" Dst="0" />
<file name="3_s.jpg" server="www.ili-studios.com//domains/erp.ili-studios.com/public_html/" local="130909279834264043" remote="130919020200000000" Dst="0" />
<file name="4_s.jpg" server="www.ili-studios.com//domains/erp.ili-studios.com/public_html/" local="130909279834394169" remote="130919020200000000" Dst="0" />
<file name="4_b.jpg" server="www.ili-studios.com//domains/erp.ili-studios.com/public_html/" local="130909279834344128" remote="130919020200000000" Dst="0" />
<file name="5_s.jpg" server="www.ili-studios.com//domains/erp.ili-studios.com/public_html/" local="130909279834524281" remote="130919020200000000" Dst="0" />
<file name="5_b.jpg" server="www.ili-studios.com//domains/erp.ili-studios.com/public_html/" local="130909279834474232" remote="130919020200000000" Dst="0" />
<file name="ajax.txt" server="www.ili-studios.com//domains/erp.ili-studios.com/public_html/" local="130909279834564313" remote="130919020200000000" Dst="0" />
<file name="iframe.html" server="www.ili-studios.com//domains/erp.ili-studios.com/public_html/" local="130909279834614367" remote="130919020200000000" Dst="0" />
<file name="index.html" server="www.ili-studios.com//domains/erp.ili-studios.com/public_html/" local="130909279834694426" remote="130919020200000000" Dst="0" />
<file name="1_s.jpg" server="www.hebergili.com//public_html/" local="130909279833923737" remote="130927729200000000" Dst="0" />
<file name="2_b.jpg" server="www.hebergili.com//public_html/" local="130909279833993805" remote="130927729200000000" Dst="0" />
<file name="1_b.jpg" server="www.hebergili.com//public_html/" local="130909279833823665" remote="130927729200000000" Dst="0" />
<file name="2_s.jpg" server="www.hebergili.com//public_html/" local="130909279834043841" remote="130927729200000000" Dst="0" />
<file name="3_b.jpg" server="www.hebergili.com//public_html/" local="130909279834163966" remote="130927729200000000" Dst="0" />
<file name="3_s.jpg" server="www.hebergili.com//public_html/" local="130909279834264043" remote="130927729200000000" Dst="0" />
<file name="4_b.jpg" server="www.hebergili.com//public_html/" local="130909279834344128" remote="130927729200000000" Dst="0" />
<file name="4_s.jpg" server="www.hebergili.com//public_html/" local="130909279834394169" remote="130927729200000000" Dst="0" />
<file name="5_b.jpg" server="www.hebergili.com//public_html/" local="130909279834474232" remote="130927729200000000" Dst="0" />
<file name="5_s.jpg" server="www.hebergili.com//public_html/" local="130909279834524281" remote="130927729200000000" Dst="0" />
<file name="ajax.txt" server="www.hebergili.com//public_html/" local="130909279834564313" remote="130927729200000000" Dst="0" />
<file name="iframe.html" server="www.hebergili.com//public_html/" local="130909279834614367" remote="130927729200000000" Dst="0" />
<file name="index.html" server="www.hebergili.com//public_html/" local="130909279834694426" remote="130927729200000000" Dst="0" />
<file name="1_s.jpg" server="erp.ili-studios.com/public_html/" local="130936197618893702" remote="130945722600000000" Dst="0" />
<file name="1_b.jpg" server="erp.ili-studios.com/public_html/" local="130936197618843652" remote="130945722600000000" Dst="0" />
<file name="2_b.jpg" server="erp.ili-studios.com/public_html/" local="130936197618973765" remote="130945722600000000" Dst="0" />
<file name="2_s.jpg" server="erp.ili-studios.com/public_html/" local="130936197619013801" remote="130945722600000000" Dst="0" />
<file name="3_s.jpg" server="erp.ili-studios.com/public_html/" local="130936197619143913" remote="130945722600000000" Dst="0" />
<file name="3_b.jpg" server="erp.ili-studios.com/public_html/" local="130936197619073850" remote="130945722600000000" Dst="0" />
<file name="4_s.jpg" server="erp.ili-studios.com/public_html/" local="130936197620154830" remote="130945722600000000" Dst="0" />
<file name="4_b.jpg" server="erp.ili-studios.com/public_html/" local="130936197619214006" remote="130945722600000000" Dst="0" />
<file name="5_b.jpg" server="erp.ili-studios.com/public_html/" local="130936197620204866" remote="130945722600000000" Dst="0" />
<file name="5_s.jpg" server="erp.ili-studios.com/public_html/" local="130936197620314965" remote="130945722600000000" Dst="0" />
<file name="ajax.txt" server="erp.ili-studios.com/public_html/" local="130936197620455091" remote="130945722600000000" Dst="0" />
<file name="iframe.html" server="erp.ili-studios.com/public_html/" local="130936197620495135" remote="130945722600000000" Dst="0" />
<file name="index.html" server="erp.ili-studios.com/public_html/" local="130936197620605230" remote="130945722600000000" Dst="0" />
<file name="1_s.jpg" server="erp-aa-v1.ili-studios.tn//public_html/" local="130936197618893702" remote="131057284200000000" Dst="0" />
<file name="2_b.jpg" server="erp-aa-v1.ili-studios.tn//public_html/" local="130936197618973765" remote="131057284200000000" Dst="0" />
<file name="1_b.jpg" server="erp-aa-v1.ili-studios.tn//public_html/" local="130936197618843652" remote="131057284200000000" Dst="0" />
<file name="2_s.jpg" server="erp-aa-v1.ili-studios.tn//public_html/" local="130936197619013801" remote="131057284200000000" Dst="0" />
<file name="3_s.jpg" server="erp-aa-v1.ili-studios.tn//public_html/" local="130936197619143913" remote="131057284200000000" Dst="0" />
<file name="3_b.jpg" server="erp-aa-v1.ili-studios.tn//public_html/" local="130936197619073850" remote="131057284200000000" Dst="0" />
<file name="4_s.jpg" server="erp-aa-v1.ili-studios.tn//public_html/" local="130936197620154830" remote="131057284200000000" Dst="0" />
<file name="4_b.jpg" server="erp-aa-v1.ili-studios.tn//public_html/" local="130936197619214006" remote="131057284200000000" Dst="0" />
<file name="5_b.jpg" server="erp-aa-v1.ili-studios.tn//public_html/" local="130936197620204866" remote="131057284200000000" Dst="0" />
<file name="5_s.jpg" server="erp-aa-v1.ili-studios.tn//public_html/" local="130936197620314965" remote="131057284200000000" Dst="0" />
<file name="ajax.txt" server="erp-aa-v1.ili-studios.tn//public_html/" local="130936197620455091" remote="131057284200000000" Dst="0" />
<file name="iframe.html" server="erp-aa-v1.ili-studios.tn//public_html/" local="130936197620495135" remote="131057284200000000" Dst="0" />
<file name="index.html" server="erp-aa-v1.ili-studios.tn//public_html/" local="130936197620605230" remote="131057284200000000" Dst="0" />
<file name="1_s.jpg" server="ili-studios.tn//public_html/projets/iLi-ERP-AA-V1/" local="130936197618893702" remote="131058831600000000" Dst="0" />
<file name="1_b.jpg" server="ili-studios.tn//public_html/projets/iLi-ERP-AA-V1/" local="130936197618843652" remote="131058832200000000" Dst="0" />
<file name="2_b.jpg" server="ili-studios.tn//public_html/projets/iLi-ERP-AA-V1/" local="130936197618973765" remote="131058832200000000" Dst="0" />
<file name="2_s.jpg" server="ili-studios.tn//public_html/projets/iLi-ERP-AA-V1/" local="130936197619013801" remote="131058832200000000" Dst="0" />
<file name="3_b.jpg" server="ili-studios.tn//public_html/projets/iLi-ERP-AA-V1/" local="130936197619073850" remote="131058832200000000" Dst="0" />
<file name="3_s.jpg" server="ili-studios.tn//public_html/projets/iLi-ERP-AA-V1/" local="130936197619143913" remote="131058832200000000" Dst="0" />
<file name="4_s.jpg" server="ili-studios.tn//public_html/projets/iLi-ERP-AA-V1/" local="130936197620154830" remote="131058832200000000" Dst="0" />
<file name="4_b.jpg" server="ili-studios.tn//public_html/projets/iLi-ERP-AA-V1/" local="130936197619214006" remote="131058832200000000" Dst="0" />
<file name="5_b.jpg" server="ili-studios.tn//public_html/projets/iLi-ERP-AA-V1/" local="130936197620204866" remote="131058832200000000" Dst="0" />
<file name="5_s.jpg" server="ili-studios.tn//public_html/projets/iLi-ERP-AA-V1/" local="130936197620314965" remote="131058832200000000" Dst="0" />
<file name="ajax.txt" server="ili-studios.tn//public_html/projets/iLi-ERP-AA-V1/" local="130936197620455091" remote="131058832200000000" Dst="0" />
<file name="iframe.html" server="ili-studios.tn//public_html/projets/iLi-ERP-AA-V1/" local="130936197620495135" remote="131058832200000000" Dst="0" />
<file name="index.html" server="ili-studios.tn//public_html/projets/iLi-ERP-AA-V1/" local="130936197620605230" remote="131058832200000000" Dst="0" />
<file name="1_s.jpg" server="ili-manager-1.0.ili-studios.tn//public_html/" local="130936197618893702" remote="131082423000000000" Dst="0" />
<file name="1_b.jpg" server="ili-manager-1.0.ili-studios.tn//public_html/" local="130936197618843652" remote="131082423000000000" Dst="0" />
<file name="2_b.jpg" server="ili-manager-1.0.ili-studios.tn//public_html/" local="130936197618973765" remote="131082423000000000" Dst="0" />
<file name="2_s.jpg" server="ili-manager-1.0.ili-studios.tn//public_html/" local="130936197619013801" remote="131082423000000000" Dst="0" />
<file name="3_b.jpg" server="ili-manager-1.0.ili-studios.tn//public_html/" local="130936197619073850" remote="131082423000000000" Dst="0" />
<file name="3_s.jpg" server="ili-manager-1.0.ili-studios.tn//public_html/" local="130936197619143913" remote="131082423000000000" Dst="0" />
<file name="4_s.jpg" server="ili-manager-1.0.ili-studios.tn//public_html/" local="130936197620154830" remote="131082423000000000" Dst="0" />
<file name="4_b.jpg" server="ili-manager-1.0.ili-studios.tn//public_html/" local="130936197619214006" remote="131082423000000000" Dst="0" />
<file name="5_b.jpg" server="ili-manager-1.0.ili-studios.tn//public_html/" local="130936197620204866" remote="131082423000000000" Dst="0" />
<file name="5_s.jpg" server="ili-manager-1.0.ili-studios.tn//public_html/" local="130936197620314965" remote="131082423000000000" Dst="0" />
<file name="ajax.txt" server="ili-manager-1.0.ili-studios.tn//public_html/" local="130936197620455091" remote="131082423000000000" Dst="0" />
<file name="iframe.html" server="ili-manager-1.0.ili-studios.tn//public_html/" local="130936197620495135" remote="131082423000000000" Dst="0" />
<file name="index.html" server="ili-manager-1.0.ili-studios.tn//public_html/" local="130936197620605230" remote="131082423000000000" Dst="0" />
</dwsync>