<?xml version="1.0" encoding="utf-8" ?>
<dwsync>
<file name="fancybox_sprite.png" server="www.ili-studios.com//domains/erp.ili-studios.com/public_html/" local="130909279835304979" remote="130919014200000000" Dst="0" />
<file name="jquery.fancybox.css" server="www.ili-studios.com//domains/erp.ili-studios.com/public_html/" local="130909279835665303" remote="130919014200000000" Dst="0" />
<file name="fancybox_loading.gif" server="www.ili-studios.com//domains/erp.ili-studios.com/public_html/" local="130909279835284961" remote="130919014200000000" Dst="0" />
<file name="blank.gif" server="www.ili-studios.com//domains/erp.ili-studios.com/public_html/" local="130909279835274960" remote="130919014200000000" Dst="0" />
<file name="fancybox_overlay.png" server="www.ili-studios.com//domains/erp.ili-studios.com/public_html/" local="130909279835294978" remote="130919014200000000" Dst="0" />
<file name="jquery.fancybox.pack.js" server="www.ili-studios.com//domains/erp.ili-studios.com/public_html/" local="130909279836005608" remote="130919015400000000" Dst="0" />
<file name="jquery.fancybox.js" server="www.ili-studios.com//domains/erp.ili-studios.com/public_html/" local="130909279835825446" remote="130919020200000000" Dst="0" />
<file name="jquery.fancybox.css" server="www.hebergili.com//public_html/" local="130909279835665303" remote="130927725600000000" Dst="0" />
<file name="fancybox_loading.gif" server="www.hebergili.com//public_html/" local="130909279835284961" remote="130927725600000000" Dst="0" />
<file name="fancybox_sprite.png" server="www.hebergili.com//public_html/" local="130909279835304979" remote="130927725600000000" Dst="0" />
<file name="blank.gif" server="www.hebergili.com//public_html/" local="130909279835274960" remote="130927725600000000" Dst="0" />
<file name="fancybox_overlay.png" server="www.hebergili.com//public_html/" local="130909279835294978" remote="130927725600000000" Dst="0" />
<file name="jquery.fancybox.pack.js" server="www.hebergili.com//public_html/" local="130909279836005608" remote="130927726200000000" Dst="0" />
<file name="jquery.fancybox.js" server="www.hebergili.com//public_html/" local="130909279835825446" remote="130927729200000000" Dst="0" />
<file name="jquery.fancybox.css" server="erp.ili-studios.com/public_html/" local="130936197624188456" remote="130945720800000000" Dst="0" />
<file name="fancybox_sprite.png" server="erp.ili-studios.com/public_html/" local="130936197621956439" remote="130945720800000000" Dst="0" />
<file name="fancybox_loading.gif" server="erp.ili-studios.com/public_html/" local="130936197621886380" remote="130945720800000000" Dst="0" />
<file name="blank.gif" server="erp.ili-studios.com/public_html/" local="130936197621866366" remote="130945720800000000" Dst="0" />
<file name="fancybox_overlay.png" server="erp.ili-studios.com/public_html/" local="130936197621936416" remote="130945720800000000" Dst="0" />
<file name="jquery.fancybox.pack.js" server="erp.ili-studios.com/public_html/" local="130936197624508730" remote="130945720800000000" Dst="0" />
<file name="jquery.fancybox.js" server="erp.ili-studios.com/public_html/" local="130936197624358595" remote="130945723200000000" Dst="0" />
<file name="jquery.fancybox.css" server="erp-aa-v1.ili-studios.tn//public_html/" local="130936197624188456" remote="131057280600000000" Dst="0" />
<file name="fancybox_sprite.png" server="erp-aa-v1.ili-studios.tn//public_html/" local="130936197621956439" remote="131057280600000000" Dst="0" />
<file name="fancybox_loading.gif" server="erp-aa-v1.ili-studios.tn//public_html/" local="130936197621886380" remote="131057280600000000" Dst="0" />
<file name="blank.gif" server="erp-aa-v1.ili-studios.tn//public_html/" local="130936197621866366" remote="131057280600000000" Dst="0" />
<file name="fancybox_overlay.png" server="erp-aa-v1.ili-studios.tn//public_html/" local="130936197621936416" remote="131057280600000000" Dst="0" />
<file name="jquery.fancybox.pack.js" server="erp-aa-v1.ili-studios.tn//public_html/" local="130992449839352049" remote="131057281800000000" Dst="0" />
<file name="jquery.fancybox.js" server="erp-aa-v1.ili-studios.tn//public_html/" local="130992449837930130" remote="131057284200000000" Dst="0" />
<file name="jquery.fancybox.css" server="ili-studios.tn//public_html/projets/iLi-ERP-AA-V1/" local="130936197624188456" remote="131082363000000000" Dst="0" />
<file name="fancybox_sprite.png" server="ili-studios.tn//public_html/projets/iLi-ERP-AA-V1/" local="130936197621956439" remote="131082363000000000" Dst="0" />
<file name="fancybox_loading.gif" server="ili-studios.tn//public_html/projets/iLi-ERP-AA-V1/" local="130936197621886380" remote="131082363000000000" Dst="0" />
<file name="fancybox_overlay.png" server="ili-studios.tn//public_html/projets/iLi-ERP-AA-V1/" local="130936197621936416" remote="131082363000000000" Dst="0" />
<file name="blank.gif" server="ili-studios.tn//public_html/projets/iLi-ERP-AA-V1/" local="130936197621866366" remote="131082363000000000" Dst="0" />
<file name="jquery.fancybox.pack.js" server="ili-studios.tn//public_html/projets/iLi-ERP-AA-V1/" local="130992449839352049" remote="131058828600000000" Dst="0" />
<file name="jquery.fancybox.js" server="ili-studios.tn//public_html/projets/iLi-ERP-AA-V1/" local="130992449837930130" remote="131058832200000000" Dst="0" />
<file name="jquery.fancybox.js" server="ili-manager-1.0.ili-studios.tn//public_html/" local="130992449837930130" remote="131082423000000000" Dst="0" />
</dwsync>