<?xml version="1.0" encoding="utf-8" ?>
<dwsync>
<file name="ajax.html" server="www.ili-studios.com//domains/erp.ili-studios.com/public_html/" local="130909279826076706" remote="130919018400000000" Dst="0" />
<file name="sample.css" server="www.ili-studios.com//domains/erp.ili-studios.com/public_html/" local="130909279828158577" remote="130919018400000000" Dst="0" />
<file name="api.html" server="www.ili-studios.com//domains/erp.ili-studios.com/public_html/" local="130909279826296909" remote="130919018400000000" Dst="0" />
<file name="appendto.html" server="www.ili-studios.com//domains/erp.ili-studios.com/public_html/" local="130909279826366955" remote="130919018400000000" Dst="0" />
<file name="divreplace.html" server="www.ili-studios.com//domains/erp.ili-studios.com/public_html/" local="130909279826707269" remote="130919018400000000" Dst="0" />
<file name="index.html" server="www.ili-studios.com//domains/erp.ili-studios.com/public_html/" local="130909279826747309" remote="130919018400000000" Dst="0" />
<file name="inlineall.html" server="www.ili-studios.com//domains/erp.ili-studios.com/public_html/" local="130909279826817368" remote="130919018400000000" Dst="0" />
<file name="inlinebycode.html" server="www.ili-studios.com//domains/erp.ili-studios.com/public_html/" local="130909279826877422" remote="130919018400000000" Dst="0" />
<file name="sample_posteddata.php" server="www.ili-studios.com//domains/erp.ili-studios.com/public_html/" local="130909279828278677" remote="130919018400000000" Dst="0" />
<file name="sample.js" server="www.ili-studios.com//domains/erp.ili-studios.com/public_html/" local="130909279828208593" remote="130919018400000000" Dst="0" />
<file name="readonly.html" server="www.ili-studios.com//domains/erp.ili-studios.com/public_html/" local="130909279828008434" remote="130919018400000000" Dst="0" />
<file name="replacebyclass.html" server="www.ili-studios.com//domains/erp.ili-studios.com/public_html/" local="130909279828048457" remote="130919018400000000" Dst="0" />
<file name="replacebycode.html" server="www.ili-studios.com//domains/erp.ili-studios.com/public_html/" local="130909279828118529" remote="130919018400000000" Dst="0" />
<file name="tabindex.html" server="www.ili-studios.com//domains/erp.ili-studios.com/public_html/" local="130909279828338739" remote="130919019000000000" Dst="0" />
<file name="uicolor.html" server="www.ili-studios.com//domains/erp.ili-studios.com/public_html/" local="130909279828408794" remote="130919019000000000" Dst="0" />
<file name="uilanguages.html" server="www.ili-studios.com//domains/erp.ili-studios.com/public_html/" local="130909279828508901" remote="130919019000000000" Dst="0" />
<file name="xhtmlstyle.html" server="www.ili-studios.com//domains/erp.ili-studios.com/public_html/" local="130909279828588951" remote="130919019000000000" Dst="0" />
<file name="ajax.html" server="www.hebergili.com//public_html/" local="130909279826076706" remote="130927728000000000" Dst="0" />
<file name="sample.css" server="www.hebergili.com//public_html/" local="130909279828158577" remote="130927728000000000" Dst="0" />
<file name="api.html" server="www.hebergili.com//public_html/" local="130909279826296909" remote="130927728000000000" Dst="0" />
<file name="appendto.html" server="www.hebergili.com//public_html/" local="130909279826366955" remote="130927728000000000" Dst="0" />
<file name="divreplace.html" server="www.hebergili.com//public_html/" local="130909279826707269" remote="130927728000000000" Dst="0" />
<file name="index.html" server="www.hebergili.com//public_html/" local="130909279826747309" remote="130927728000000000" Dst="0" />
<file name="inlineall.html" server="www.hebergili.com//public_html/" local="130909279826817368" remote="130927728000000000" Dst="0" />
<file name="inlinebycode.html" server="www.hebergili.com//public_html/" local="130909279826877422" remote="130927728000000000" Dst="0" />
<file name="sample_posteddata.php" server="www.hebergili.com//public_html/" local="130909279828278677" remote="130927728000000000" Dst="0" />
<file name="sample.js" server="www.hebergili.com//public_html/" local="130909279828208593" remote="130927728000000000" Dst="0" />
<file name="readonly.html" server="www.hebergili.com//public_html/" local="130909279828008434" remote="130927728000000000" Dst="0" />
<file name="replacebycode.html" server="www.hebergili.com//public_html/" local="130909279828118529" remote="130927728000000000" Dst="0" />
<file name="tabindex.html" server="www.hebergili.com//public_html/" local="130909279828338739" remote="130927728000000000" Dst="0" />
<file name="replacebyclass.html" server="www.hebergili.com//public_html/" local="130909279828048457" remote="130927728600000000" Dst="0" />
<file name="uicolor.html" server="www.hebergili.com//public_html/" local="130909279828408794" remote="130927728600000000" Dst="0" />
<file name="uilanguages.html" server="www.hebergili.com//public_html/" local="130909279828508901" remote="130927728600000000" Dst="0" />
<file name="xhtmlstyle.html" server="www.hebergili.com//public_html/" local="130909279828588951" remote="130927728600000000" Dst="0" />
<file name="ajax.html" server="erp.ili-studios.com/public_html/" local="130936197585160448" remote="130945722000000000" Dst="0" />
<file name="sample.css" server="erp.ili-studios.com/public_html/" local="130936197599530461" remote="130945722000000000" Dst="0" />
<file name="api.html" server="erp.ili-studios.com/public_html/" local="130936197585560807" remote="130945722000000000" Dst="0" />
<file name="appendto.html" server="erp.ili-studios.com/public_html/" local="130936197585680919" remote="130945722000000000" Dst="0" />
<file name="divreplace.html" server="erp.ili-studios.com/public_html/" local="130936197588048160" remote="130945722000000000" Dst="0" />
<file name="index.html" server="erp.ili-studios.com/public_html/" local="130936197588268367" remote="130945722000000000" Dst="0" />
<file name="inlineall.html" server="erp.ili-studios.com/public_html/" local="130936197588488573" remote="130945722000000000" Dst="0" />
<file name="inlinebycode.html" server="erp.ili-studios.com/public_html/" local="130936197588829007" remote="130945722000000000" Dst="0" />
<file name="sample_posteddata.php" server="erp.ili-studios.com/public_html/" local="130936197601948483" remote="130945722000000000" Dst="0" />
<file name="sample.js" server="erp.ili-studios.com/public_html/" local="130936197599725825" remote="130945722000000000" Dst="0" />
<file name="readonly.html" server="erp.ili-studios.com/public_html/" local="130936197598929922" remote="130945722600000000" Dst="0" />
<file name="replacebyclass.html" server="erp.ili-studios.com/public_html/" local="130936197599050026" remote="130945722600000000" Dst="0" />
<file name="replacebycode.html" server="erp.ili-studios.com/public_html/" local="130936197599300255" remote="130945722600000000" Dst="0" />
<file name="tabindex.html" server="erp.ili-studios.com/public_html/" local="130936197602058573" remote="130945722600000000" Dst="0" />
<file name="uicolor.html" server="erp.ili-studios.com/public_html/" local="130936197602539030" remote="130945722600000000" Dst="0" />
<file name="uilanguages.html" server="erp.ili-studios.com/public_html/" local="130936197602689148" remote="130945722600000000" Dst="0" />
<file name="xhtmlstyle.html" server="erp.ili-studios.com/public_html/" local="130936197602809247" remote="130945722600000000" Dst="0" />
<file name="ajax.html" server="erp-aa-v1.ili-studios.tn//public_html/" local="130936197585160448" remote="131057283600000000" Dst="0" />
<file name="sample.css" server="erp-aa-v1.ili-studios.tn//public_html/" local="130936197599530461" remote="131057283600000000" Dst="0" />
<file name="api.html" server="erp-aa-v1.ili-studios.tn//public_html/" local="130936197585560807" remote="131057283600000000" Dst="0" />
<file name="appendto.html" server="erp-aa-v1.ili-studios.tn//public_html/" local="130936197585680919" remote="131057283600000000" Dst="0" />
<file name="divreplace.html" server="erp-aa-v1.ili-studios.tn//public_html/" local="130936197588048160" remote="131057283600000000" Dst="0" />
<file name="index.html" server="erp-aa-v1.ili-studios.tn//public_html/" local="130936197588268367" remote="131057283600000000" Dst="0" />
<file name="inlineall.html" server="erp-aa-v1.ili-studios.tn//public_html/" local="130936197588488573" remote="131057283600000000" Dst="0" />
<file name="inlinebycode.html" server="erp-aa-v1.ili-studios.tn//public_html/" local="130936197588829007" remote="131057283600000000" Dst="0" />
<file name="sample_posteddata.php" server="erp-aa-v1.ili-studios.tn//public_html/" local="130936197601948483" remote="131057283600000000" Dst="0" />
<file name="sample.js" server="erp-aa-v1.ili-studios.tn//public_html/" local="130936197599725825" remote="131057283600000000" Dst="0" />
<file name="readonly.html" server="erp-aa-v1.ili-studios.tn//public_html/" local="130936197598929922" remote="131057283600000000" Dst="0" />
<file name="replacebyclass.html" server="erp-aa-v1.ili-studios.tn//public_html/" local="130936197599050026" remote="131057283600000000" Dst="0" />
<file name="replacebycode.html" server="erp-aa-v1.ili-studios.tn//public_html/" local="130936197599300255" remote="131057283600000000" Dst="0" />
<file name="tabindex.html" server="erp-aa-v1.ili-studios.tn//public_html/" local="130936197602058573" remote="131057283600000000" Dst="0" />
<file name="uicolor.html" server="erp-aa-v1.ili-studios.tn//public_html/" local="130936197602539030" remote="131057283600000000" Dst="0" />
<file name="uilanguages.html" server="erp-aa-v1.ili-studios.tn//public_html/" local="130936197602689148" remote="131057283600000000" Dst="0" />
<file name="xhtmlstyle.html" server="erp-aa-v1.ili-studios.tn//public_html/" local="130936197602809247" remote="131057283600000000" Dst="0" />
<file name="ajax.html" server="ili-studios.tn//public_html/projets/iLi-ERP-AA-V1/" local="130936197585160448" remote="131058831000000000" Dst="0" />
<file name="sample.css" server="ili-studios.tn//public_html/projets/iLi-ERP-AA-V1/" local="130936197599530461" remote="131058831000000000" Dst="0" />
<file name="api.html" server="ili-studios.tn//public_html/projets/iLi-ERP-AA-V1/" local="130936197585560807" remote="131058831000000000" Dst="0" />
<file name="appendto.html" server="ili-studios.tn//public_html/projets/iLi-ERP-AA-V1/" local="130936197585680919" remote="131058831000000000" Dst="0" />
<file name="divreplace.html" server="ili-studios.tn//public_html/projets/iLi-ERP-AA-V1/" local="130936197588048160" remote="131058831000000000" Dst="0" />
<file name="index.html" server="ili-studios.tn//public_html/projets/iLi-ERP-AA-V1/" local="130936197588268367" remote="131058831000000000" Dst="0" />
<file name="inlineall.html" server="ili-studios.tn//public_html/projets/iLi-ERP-AA-V1/" local="130936197588488573" remote="131058831000000000" Dst="0" />
<file name="inlinebycode.html" server="ili-studios.tn//public_html/projets/iLi-ERP-AA-V1/" local="130936197588829007" remote="131058831000000000" Dst="0" />
<file name="sample_posteddata.php" server="ili-studios.tn//public_html/projets/iLi-ERP-AA-V1/" local="130936197601948483" remote="131058831000000000" Dst="0" />
<file name="sample.js" server="ili-studios.tn//public_html/projets/iLi-ERP-AA-V1/" local="130936197599725825" remote="131058831000000000" Dst="0" />
<file name="readonly.html" server="ili-studios.tn//public_html/projets/iLi-ERP-AA-V1/" local="130936197598929922" remote="131058831000000000" Dst="0" />
<file name="replacebyclass.html" server="ili-studios.tn//public_html/projets/iLi-ERP-AA-V1/" local="130936197599050026" remote="131058831000000000" Dst="0" />
<file name="replacebycode.html" server="ili-studios.tn//public_html/projets/iLi-ERP-AA-V1/" local="130936197599300255" remote="131058831000000000" Dst="0" />
<file name="tabindex.html" server="ili-studios.tn//public_html/projets/iLi-ERP-AA-V1/" local="130936197602058573" remote="131058831000000000" Dst="0" />
<file name="uicolor.html" server="ili-studios.tn//public_html/projets/iLi-ERP-AA-V1/" local="130936197602539030" remote="131058831000000000" Dst="0" />
<file name="uilanguages.html" server="ili-studios.tn//public_html/projets/iLi-ERP-AA-V1/" local="130936197602689148" remote="131058831000000000" Dst="0" />
<file name="xhtmlstyle.html" server="ili-studios.tn//public_html/projets/iLi-ERP-AA-V1/" local="130936197602809247" remote="131058831000000000" Dst="0" />
<file name="sample.css" server="ili-manager-1.0.ili-studios.tn//public_html/" local="130936197599530461" remote="130936161000000000" Dst="0" />
<file name="readonly.html" server="ili-manager-1.0.ili-studios.tn//public_html/" local="130936197598929922" remote="131082422400000000" Dst="0" />
<file name="replacebyclass.html" server="ili-manager-1.0.ili-studios.tn//public_html/" local="130936197599050026" remote="131082422400000000" Dst="0" />
<file name="replacebycode.html" server="ili-manager-1.0.ili-studios.tn//public_html/" local="130936197599300255" remote="131082422400000000" Dst="0" />
<file name="uicolor.html" server="ili-manager-1.0.ili-studios.tn//public_html/" local="130936197602539030" remote="131082422400000000" Dst="0" />
<file name="uilanguages.html" server="ili-manager-1.0.ili-studios.tn//public_html/" local="130936197602689148" remote="131082422400000000" Dst="0" />
<file name="tabindex.html" server="ili-manager-1.0.ili-studios.tn//public_html/" local="130936197602058573" remote="131082422400000000" Dst="0" />
<file name="xhtmlstyle.html" server="ili-manager-1.0.ili-studios.tn//public_html/" local="130936197602809247" remote="131082422400000000" Dst="0" />
</dwsync>