<?xml version="1.0" encoding="utf-8" ?>
<dwsync>
<file name="fancybox_buttons.png" server="www.ili-studios.com//domains/erp.ili-studios.com/public_html/" local="130909279835325005" remote="130919020200000000" Dst="0" />
<file name="jquery.fancybox-buttons.css" server="www.ili-studios.com//domains/erp.ili-studios.com/public_html/" local="130909279835365024" remote="130919020200000000" Dst="0" />
<file name="jquery.fancybox-buttons.js" server="www.ili-studios.com//domains/erp.ili-studios.com/public_html/" local="130909279835435104" remote="130919020200000000" Dst="0" />
<file name="jquery.fancybox-media.js" server="www.ili-studios.com//domains/erp.ili-studios.com/public_html/" local="130909279835505159" remote="130919020200000000" Dst="0" />
<file name="jquery.fancybox-thumbs.css" server="www.ili-studios.com//domains/erp.ili-studios.com/public_html/" local="130909279835535181" remote="130919020200000000" Dst="0" />
<file name="jquery.fancybox-thumbs.js" server="www.ili-studios.com//domains/erp.ili-studios.com/public_html/" local="130909279835615262" remote="130919020200000000" Dst="0" />
<file name="jquery.fancybox-buttons.css" server="www.hebergili.com//public_html/" local="130909279835365024" remote="130927729200000000" Dst="0" />
<file name="fancybox_buttons.png" server="www.hebergili.com//public_html/" local="130909279835325005" remote="130927729200000000" Dst="0" />
<file name="jquery.fancybox-buttons.js" server="www.hebergili.com//public_html/" local="130909279835435104" remote="130927729200000000" Dst="0" />
<file name="jquery.fancybox-thumbs.css" server="www.hebergili.com//public_html/" local="130909279835535181" remote="130927729200000000" Dst="0" />
<file name="jquery.fancybox-media.js" server="www.hebergili.com//public_html/" local="130909279835505159" remote="130927729200000000" Dst="0" />
<file name="jquery.fancybox-thumbs.js" server="www.hebergili.com//public_html/" local="130909279835615262" remote="130927729200000000" Dst="0" />
<file name="fancybox_buttons.png" server="erp.ili-studios.com/public_html/" local="130936197622036519" remote="130945723200000000" Dst="0" />
<file name="jquery.fancybox-buttons.js" server="erp.ili-studios.com/public_html/" local="130936197622326775" remote="130945723200000000" Dst="0" />
<file name="jquery.fancybox-media.js" server="erp.ili-studios.com/public_html/" local="130936197622396843" remote="130945723200000000" Dst="0" />
<file name="jquery.fancybox-buttons.css" server="erp.ili-studios.com/public_html/" local="130936197622106569" remote="130945723200000000" Dst="0" />
<file name="jquery.fancybox-thumbs.css" server="erp.ili-studios.com/public_html/" local="130936197623617930" remote="130945723200000000" Dst="0" />
<file name="jquery.fancybox-thumbs.js" server="erp.ili-studios.com/public_html/" local="130936197623687993" remote="130945723200000000" Dst="0" />
<file name="jquery.fancybox-buttons.css" server="erp-aa-v1.ili-studios.tn//public_html/" local="130936197622106569" remote="131057284200000000" Dst="0" />
<file name="fancybox_buttons.png" server="erp-aa-v1.ili-studios.tn//public_html/" local="130936197622036519" remote="131057284200000000" Dst="0" />
<file name="jquery.fancybox-buttons.js" server="erp-aa-v1.ili-studios.tn//public_html/" local="130936197622326775" remote="131057284200000000" Dst="0" />
<file name="jquery.fancybox-thumbs.css" server="erp-aa-v1.ili-studios.tn//public_html/" local="130936197623617930" remote="131057284200000000" Dst="0" />
<file name="jquery.fancybox-thumbs.js" server="erp-aa-v1.ili-studios.tn//public_html/" local="130936197623687993" remote="131057284200000000" Dst="0" />
<file name="jquery.fancybox-media.js" server="erp-aa-v1.ili-studios.tn//public_html/" local="130936197622396843" remote="131057284200000000" Dst="0" />
<file name="fancybox_buttons.png" server="ili-studios.tn//public_html/projets/iLi-ERP-AA-V1/" local="130936197622036519" remote="131058832200000000" Dst="0" />
<file name="jquery.fancybox-buttons.css" server="ili-studios.tn//public_html/projets/iLi-ERP-AA-V1/" local="130936197622106569" remote="131058832200000000" Dst="0" />
<file name="jquery.fancybox-buttons.js" server="ili-studios.tn//public_html/projets/iLi-ERP-AA-V1/" local="130936197622326775" remote="131058832200000000" Dst="0" />
<file name="jquery.fancybox-thumbs.css" server="ili-studios.tn//public_html/projets/iLi-ERP-AA-V1/" local="130936197623617930" remote="131058832200000000" Dst="0" />
<file name="jquery.fancybox-thumbs.js" server="ili-studios.tn//public_html/projets/iLi-ERP-AA-V1/" local="130936197623687993" remote="131058832200000000" Dst="0" />
<file name="jquery.fancybox-media.js" server="ili-studios.tn//public_html/projets/iLi-ERP-AA-V1/" local="130936197622396843" remote="131058832200000000" Dst="0" />
<file name="jquery.fancybox-buttons.css" server="ili-manager-1.0.ili-studios.tn//public_html/" local="130936197622106569" remote="131082423000000000" Dst="0" />
<file name="fancybox_buttons.png" server="ili-manager-1.0.ili-studios.tn//public_html/" local="130936197622036519" remote="131082423000000000" Dst="0" />
<file name="jquery.fancybox-buttons.js" server="ili-manager-1.0.ili-studios.tn//public_html/" local="130936197622326775" remote="131082423000000000" Dst="0" />
<file name="jquery.fancybox-thumbs.js" server="ili-manager-1.0.ili-studios.tn//public_html/" local="130936197623687993" remote="131082423000000000" Dst="0" />
<file name="jquery.fancybox-media.js" server="ili-manager-1.0.ili-studios.tn//public_html/" local="130936197622396843" remote="131082423000000000" Dst="0" />
<file name="jquery.fancybox-thumbs.css" server="ili-manager-1.0.ili-studios.tn//public_html/" local="130936197623617930" remote="131082423000000000" Dst="0" />
</dwsync>