<?xml version="1.0" encoding="utf-8" ?>
<dwsync>
<file name="spritemap.png" server="www.ili-studios.com//domains/erp.ili-studios.com/public_html/" local="130909279833463324" remote="130919020200000000" Dst="0" />
<file name="spritemap@2x.png" server="www.ili-studios.com//domains/erp.ili-studios.com/public_html/" local="130909279833483350" remote="130919020200000000" Dst="0" />
<file name="spritemap.png" server="www.hebergili.com//public_html/" local="130909279833463324" remote="130927728600000000" Dst="0" />
<file name="spritemap@2x.png" server="www.hebergili.com//public_html/" local="130909279833483350" remote="130927728600000000" Dst="0" />
<file name="spritemap.png" server="erp.ili-studios.com/public_html/" local="130936197618453298" remote="130945722600000000" Dst="0" />
<file name="spritemap@2x.png" server="erp.ili-studios.com/public_html/" local="130936197618473328" remote="130945722600000000" Dst="0" />
<file name="spritemap.png" server="erp-aa-v1.ili-studios.tn//public_html/" local="130936197618453298" remote="131057284200000000" Dst="0" />
<file name="spritemap@2x.png" server="erp-aa-v1.ili-studios.tn//public_html/" local="130936197618473328" remote="131057284200000000" Dst="0" />
<file name="spritemap.png" server="ili-studios.tn//public_html/projets/iLi-ERP-AA-V1/" local="130936197618453298" remote="131058831600000000" Dst="0" />
<file name="spritemap@2x.png" server="ili-studios.tn//public_html/projets/iLi-ERP-AA-V1/" local="130936197618473328" remote="131058831600000000" Dst="0" />
<file name="spritemap.png" server="ili-manager-1.0.ili-studios.tn//public_html/" local="130936197618453298" remote="131082423000000000" Dst="0" />
<file name="spritemap@2x.png" server="ili-manager-1.0.ili-studios.tn//public_html/" local="130936197618473328" remote="131082423000000000" Dst="0" />
</dwsync>