<?xml version="1.0" encoding="utf-8" ?>
<dwsync>
<file name="jquery.toggle.buttons.js" server="www.ili-studios.com//domains/erp.ili-studios.com/public_html/" local="130909279800023266" remote="130919014800000000" Dst="0" />
<file name="jquery.min.js" server="www.ili-studios.com//domains/erp.ili-studios.com/public_html/" local="130909279799953216" remote="130919016600000000" Dst="0" />
<file name="jquery.toggle.buttons.js" server="www.hebergili.com//public_html/" local="130909279800023266" remote="130927725600000000" Dst="0" />
<file name="jquery.min.js" server="www.hebergili.com//public_html/" local="130909279799953216" remote="130927726800000000" Dst="0" />
<file name="jquery.toggle.buttons.js" server="erp.ili-studios.com/public_html/" local="130936197517235054" remote="130945720800000000" Dst="0" />
<file name="jquery.min.js" server="erp.ili-studios.com/public_html/" local="130936197517144978" remote="130945721400000000" Dst="0" />
<file name="jquery.toggle.buttons.js" server="erp-aa-v1.ili-studios.tn//public_html/" local="130936197517235054" remote="131057281800000000" Dst="0" />
<file name="jquery.min.js" server="erp-aa-v1.ili-studios.tn//public_html/" local="130936197517144978" remote="131057282400000000" Dst="0" />
<file name="jquery.toggle.buttons.js" server="ili-studios.tn//public_html/projets/iLi-ERP-AA-V1/" local="130936197517235054" remote="131058828600000000" Dst="0" />
<file name="jquery.min.js" server="ili-studios.tn//public_html/projets/iLi-ERP-AA-V1/" local="130936197517144978" remote="131058829200000000" Dst="0" />
</dwsync>