<?xml version="1.0" encoding="utf-8" ?>
<dwsync>
<file name="prettify.css" server="www.ili-studios.com//domains/erp.ili-studios.com/public_html/" local="130909279803136076" remote="130919017200000000" Dst="0" />
<file name="jquery.bootstrap.wizard.js" server="www.ili-studios.com//domains/erp.ili-studios.com/public_html/" local="130909279802995942" remote="130919017200000000" Dst="0" />
<file name="prettify.js" server="www.ili-studios.com//domains/erp.ili-studios.com/public_html/" local="130909279803226153" remote="130919017200000000" Dst="0" />
<file name="index.html" server="www.ili-studios.com//domains/erp.ili-studios.com/public_html/" local="130909279802926059" remote="130919017200000000" Dst="0" />
<file name="jquery.bootstrap.wizard.min.js" server="www.ili-studios.com//domains/erp.ili-studios.com/public_html/" local="130909279803096032" remote="130919017200000000" Dst="0" />
<file name="README.md" server="www.ili-studios.com//domains/erp.ili-studios.com/public_html/" local="130909279801224341" remote="130919017200000000" Dst="0" />
<file name="jquery.bootstrap.wizard.min.js" server="www.hebergili.com//public_html/" local="130909279803096032" remote="130927726200000000" Dst="0" />
<file name="prettify.css" server="www.hebergili.com//public_html/" local="130909279803136076" remote="130927727400000000" Dst="0" />
<file name="prettify.js" server="www.hebergili.com//public_html/" local="130909279803226153" remote="130927727400000000" Dst="0" />
<file name="jquery.bootstrap.wizard.js" server="www.hebergili.com//public_html/" local="130909279802995942" remote="130927727400000000" Dst="0" />
<file name="index.html" server="www.hebergili.com//public_html/" local="130909279802926059" remote="130927727400000000" Dst="0" />
<file name="README.md" server="www.hebergili.com//public_html/" local="130909279801224341" remote="130927727400000000" Dst="0" />
<file name="prettify.css" server="erp.ili-studios.com/public_html/" local="130936197528805456" remote="130945721400000000" Dst="0" />
<file name="jquery.bootstrap.wizard.js" server="erp.ili-studios.com/public_html/" local="130936197528675326" remote="130945721400000000" Dst="0" />
<file name="prettify.js" server="erp.ili-studios.com/public_html/" local="130936197528905541" remote="130945721400000000" Dst="0" />
<file name="index.html" server="erp.ili-studios.com/public_html/" local="130936197528585254" remote="130945721400000000" Dst="0" />
<file name="jquery.bootstrap.wizard.min.js" server="erp.ili-studios.com/public_html/" local="130936197528765407" remote="130945721400000000" Dst="0" />
<file name="README.md" server="erp.ili-studios.com/public_html/" local="130936197524871911" remote="130945721400000000" Dst="0" />
<file name="prettify.css" server="erp-aa-v1.ili-studios.tn//public_html/" local="130936197528805456" remote="131057282400000000" Dst="0" />
<file name="jquery.bootstrap.wizard.js" server="erp-aa-v1.ili-studios.tn//public_html/" local="131006126136327190" remote="131057282400000000" Dst="0" />
<file name="prettify.js" server="erp-aa-v1.ili-studios.tn//public_html/" local="130936197528905541" remote="131057282400000000" Dst="0" />
<file name="index.html" server="erp-aa-v1.ili-studios.tn//public_html/" local="131006126136129807" remote="131057282400000000" Dst="0" />
<file name="jquery.bootstrap.wizard.min.js" server="erp-aa-v1.ili-studios.tn//public_html/" local="131006126136331746" remote="131057282400000000" Dst="0" />
<file name="README.md" server="erp-aa-v1.ili-studios.tn//public_html/" local="130936197524871911" remote="131057282400000000" Dst="0" />
<file name="prettify.css" server="ili-studios.tn//public_html/projets/iLi-ERP-AA-V1/" local="130936197528805456" remote="131058829800000000" Dst="0" />
<file name="jquery.bootstrap.wizard.js" server="ili-studios.tn//public_html/projets/iLi-ERP-AA-V1/" local="131006126136327190" remote="131058829800000000" Dst="0" />
<file name="prettify.js" server="ili-studios.tn//public_html/projets/iLi-ERP-AA-V1/" local="130936197528905541" remote="131058829800000000" Dst="0" />
<file name="index.html" server="ili-studios.tn//public_html/projets/iLi-ERP-AA-V1/" local="131006126136129807" remote="131058829800000000" Dst="0" />
<file name="jquery.bootstrap.wizard.min.js" server="ili-studios.tn//public_html/projets/iLi-ERP-AA-V1/" local="131006126136331746" remote="131058829800000000" Dst="0" />
<file name="README.md" server="ili-studios.tn//public_html/projets/iLi-ERP-AA-V1/" local="130936197524871911" remote="131058829800000000" Dst="0" />
</dwsync>