<?xml version="1.0" encoding="utf-8" ?>
<dwsync>
<file name="blogger.png" server="www.ili-studios.com//domains/erp.ili-studios.com/public_html/" local="130909279831691736" remote="130919019600000000" Dst="0" />
<file name="facebook.png" server="www.ili-studios.com//domains/erp.ili-studios.com/public_html/" local="130909279831701753" remote="130919019600000000" Dst="0" />
<file name="flickr.png" server="www.ili-studios.com//domains/erp.ili-studios.com/public_html/" local="130909279831711758" remote="130919019600000000" Dst="0" />
<file name="google-plus.png" server="www.ili-studios.com//domains/erp.ili-studios.com/public_html/" local="130909279831721767" remote="130919019600000000" Dst="0" />
<file name="linkedin.png" server="www.ili-studios.com//domains/erp.ili-studios.com/public_html/" local="130909279831741772" remote="130919019600000000" Dst="0" />
<file name="myspace.png" server="www.ili-studios.com//domains/erp.ili-studios.com/public_html/" local="130909279831751785" remote="130919019600000000" Dst="0" />
<file name="picasa.png" server="www.ili-studios.com//domains/erp.ili-studios.com/public_html/" local="130909279832042051" remote="130919019600000000" Dst="0" />
<file name="skype.png" server="www.ili-studios.com//domains/erp.ili-studios.com/public_html/" local="130909279832052060" remote="130919019600000000" Dst="0" />
<file name="stumbleupon.png" server="www.ili-studios.com//domains/erp.ili-studios.com/public_html/" local="130909279832062073" remote="130919019600000000" Dst="0" />
<file name="twitter.png" server="www.ili-studios.com//domains/erp.ili-studios.com/public_html/" local="130909279832082095" remote="130919019600000000" Dst="0" />
<file name="vimeo.png" server="www.ili-studios.com//domains/erp.ili-studios.com/public_html/" local="130909279832102113" remote="130919019600000000" Dst="0" />
<file name="yahoo.png" server="www.ili-studios.com//domains/erp.ili-studios.com/public_html/" local="130909279832112122" remote="130919019600000000" Dst="0" />
<file name="youtube.png" server="www.ili-studios.com//domains/erp.ili-studios.com/public_html/" local="130909279832122123" remote="130919019600000000" Dst="0" />
<file name="blogger.png" server="www.hebergili.com//public_html/" local="130909279831691736" remote="130927728600000000" Dst="0" />
<file name="facebook.png" server="www.hebergili.com//public_html/" local="130909279831701753" remote="130927728600000000" Dst="0" />
<file name="flickr.png" server="www.hebergili.com//public_html/" local="130909279831711758" remote="130927728600000000" Dst="0" />
<file name="google-plus.png" server="www.hebergili.com//public_html/" local="130909279831721767" remote="130927728600000000" Dst="0" />
<file name="linkedin.png" server="www.hebergili.com//public_html/" local="130909279831741772" remote="130927728600000000" Dst="0" />
<file name="myspace.png" server="www.hebergili.com//public_html/" local="130909279831751785" remote="130927728600000000" Dst="0" />
<file name="skype.png" server="www.hebergili.com//public_html/" local="130909279832052060" remote="130927728600000000" Dst="0" />
<file name="stumbleupon.png" server="www.hebergili.com//public_html/" local="130909279832062073" remote="130927728600000000" Dst="0" />
<file name="picasa.png" server="www.hebergili.com//public_html/" local="130909279832042051" remote="130927728600000000" Dst="0" />
<file name="twitter.png" server="www.hebergili.com//public_html/" local="130909279832082095" remote="130927728600000000" Dst="0" />
<file name="vimeo.png" server="www.hebergili.com//public_html/" local="130909279832102113" remote="130927728600000000" Dst="0" />
<file name="yahoo.png" server="www.hebergili.com//public_html/" local="130909279832112122" remote="130927728600000000" Dst="0" />
<file name="youtube.png" server="www.hebergili.com//public_html/" local="130909279832122123" remote="130927728600000000" Dst="0" />
<file name="blogger.png" server="erp.ili-studios.com/public_html/" local="130936197614719946" remote="130945722600000000" Dst="0" />
<file name="facebook.png" server="erp.ili-studios.com/public_html/" local="130936197614729963" remote="130945722600000000" Dst="0" />
<file name="flickr.png" server="erp.ili-studios.com/public_html/" local="130936197614739972" remote="130945722600000000" Dst="0" />
<file name="google-plus.png" server="erp.ili-studios.com/public_html/" local="130936197614769995" remote="130945722600000000" Dst="0" />
<file name="linkedin.png" server="erp.ili-studios.com/public_html/" local="130936197614780179" remote="130945722600000000" Dst="0" />
<file name="myspace.png" server="erp.ili-studios.com/public_html/" local="130936197614800030" remote="130945722600000000" Dst="0" />
<file name="picasa.png" server="erp.ili-studios.com/public_html/" local="130936197614810031" remote="130945722600000000" Dst="0" />
<file name="skype.png" server="erp.ili-studios.com/public_html/" local="130936197614820053" remote="130945722600000000" Dst="0" />
<file name="stumbleupon.png" server="erp.ili-studios.com/public_html/" local="130936197614840058" remote="130945722600000000" Dst="0" />
<file name="twitter.png" server="erp.ili-studios.com/public_html/" local="130936197614850071" remote="130945722600000000" Dst="0" />
<file name="vimeo.png" server="erp.ili-studios.com/public_html/" local="130936197614860084" remote="130945722600000000" Dst="0" />
<file name="yahoo.png" server="erp.ili-studios.com/public_html/" local="130936197614880094" remote="130945722600000000" Dst="0" />
<file name="youtube.png" server="erp.ili-studios.com/public_html/" local="130936197614890098" remote="130945722600000000" Dst="0" />
<file name="blogger.png" server="erp-aa-v1.ili-studios.tn//public_html/" local="130936197614719946" remote="131057284200000000" Dst="0" />
<file name="facebook.png" server="erp-aa-v1.ili-studios.tn//public_html/" local="130936197614729963" remote="131057284200000000" Dst="0" />
<file name="flickr.png" server="erp-aa-v1.ili-studios.tn//public_html/" local="130936197614739972" remote="131057284200000000" Dst="0" />
<file name="google-plus.png" server="erp-aa-v1.ili-studios.tn//public_html/" local="130936197614769995" remote="131057284200000000" Dst="0" />
<file name="linkedin.png" server="erp-aa-v1.ili-studios.tn//public_html/" local="130936197614780179" remote="131057284200000000" Dst="0" />
<file name="myspace.png" server="erp-aa-v1.ili-studios.tn//public_html/" local="130936197614800030" remote="131057284200000000" Dst="0" />
<file name="picasa.png" server="erp-aa-v1.ili-studios.tn//public_html/" local="130936197614810031" remote="131057284200000000" Dst="0" />
<file name="skype.png" server="erp-aa-v1.ili-studios.tn//public_html/" local="130936197614820053" remote="131057284200000000" Dst="0" />
<file name="stumbleupon.png" server="erp-aa-v1.ili-studios.tn//public_html/" local="130936197614840058" remote="131057284200000000" Dst="0" />
<file name="twitter.png" server="erp-aa-v1.ili-studios.tn//public_html/" local="130936197614850071" remote="131057284200000000" Dst="0" />
<file name="vimeo.png" server="erp-aa-v1.ili-studios.tn//public_html/" local="130936197614860084" remote="131057284200000000" Dst="0" />
<file name="yahoo.png" server="erp-aa-v1.ili-studios.tn//public_html/" local="130936197614880094" remote="131057284200000000" Dst="0" />
<file name="youtube.png" server="erp-aa-v1.ili-studios.tn//public_html/" local="130936197614890098" remote="131057284200000000" Dst="0" />
<file name="blogger.png" server="ili-studios.tn//public_html/projets/iLi-ERP-AA-V1/" local="130936197614719946" remote="131058831600000000" Dst="0" />
<file name="facebook.png" server="ili-studios.tn//public_html/projets/iLi-ERP-AA-V1/" local="130936197614729963" remote="131058831600000000" Dst="0" />
<file name="flickr.png" server="ili-studios.tn//public_html/projets/iLi-ERP-AA-V1/" local="130936197614739972" remote="131058831600000000" Dst="0" />
<file name="google-plus.png" server="ili-studios.tn//public_html/projets/iLi-ERP-AA-V1/" local="130936197614769995" remote="131058831600000000" Dst="0" />
<file name="linkedin.png" server="ili-studios.tn//public_html/projets/iLi-ERP-AA-V1/" local="130936197614780179" remote="131058831600000000" Dst="0" />
<file name="myspace.png" server="ili-studios.tn//public_html/projets/iLi-ERP-AA-V1/" local="130936197614800030" remote="131058831600000000" Dst="0" />
<file name="picasa.png" server="ili-studios.tn//public_html/projets/iLi-ERP-AA-V1/" local="130936197614810031" remote="131058831600000000" Dst="0" />
<file name="skype.png" server="ili-studios.tn//public_html/projets/iLi-ERP-AA-V1/" local="130936197614820053" remote="131058831600000000" Dst="0" />
<file name="stumbleupon.png" server="ili-studios.tn//public_html/projets/iLi-ERP-AA-V1/" local="130936197614840058" remote="131058831600000000" Dst="0" />
<file name="twitter.png" server="ili-studios.tn//public_html/projets/iLi-ERP-AA-V1/" local="130936197614850071" remote="131058831600000000" Dst="0" />
<file name="vimeo.png" server="ili-studios.tn//public_html/projets/iLi-ERP-AA-V1/" local="130936197614860084" remote="131058831600000000" Dst="0" />
<file name="yahoo.png" server="ili-studios.tn//public_html/projets/iLi-ERP-AA-V1/" local="130936197614880094" remote="131058831600000000" Dst="0" />
<file name="youtube.png" server="ili-studios.tn//public_html/projets/iLi-ERP-AA-V1/" local="130936197614890098" remote="131058831600000000" Dst="0" />
<file name="blogger.png" server="ili-manager-1.0.ili-studios.tn//public_html/" local="130936197614719946" remote="131082422400000000" Dst="0" />
<file name="facebook.png" server="ili-manager-1.0.ili-studios.tn//public_html/" local="130936197614729963" remote="131082422400000000" Dst="0" />
<file name="flickr.png" server="ili-manager-1.0.ili-studios.tn//public_html/" local="130936197614739972" remote="131082422400000000" Dst="0" />
<file name="linkedin.png" server="ili-manager-1.0.ili-studios.tn//public_html/" local="130936197614780179" remote="131082422400000000" Dst="0" />
<file name="myspace.png" server="ili-manager-1.0.ili-studios.tn//public_html/" local="130936197614800030" remote="131082422400000000" Dst="0" />
<file name="google-plus.png" server="ili-manager-1.0.ili-studios.tn//public_html/" local="130936197614769995" remote="131082422400000000" Dst="0" />
<file name="picasa.png" server="ili-manager-1.0.ili-studios.tn//public_html/" local="130936197614810031" remote="131082422400000000" Dst="0" />
<file name="skype.png" server="ili-manager-1.0.ili-studios.tn//public_html/" local="130936197614820053" remote="131082422400000000" Dst="0" />
<file name="stumbleupon.png" server="ili-manager-1.0.ili-studios.tn//public_html/" local="130936197614840058" remote="131082422400000000" Dst="0" />
<file name="twitter.png" server="ili-manager-1.0.ili-studios.tn//public_html/" local="130936197614850071" remote="131082422400000000" Dst="0" />
<file name="vimeo.png" server="ili-manager-1.0.ili-studios.tn//public_html/" local="130936197614860084" remote="131082422400000000" Dst="0" />
<file name="yahoo.png" server="ili-manager-1.0.ili-studios.tn//public_html/" local="130936197614880094" remote="131082422400000000" Dst="0" />
<file name="youtube.png" server="ili-manager-1.0.ili-studios.tn//public_html/" local="130936197614890098" remote="131082422400000000" Dst="0" />
</dwsync>