<?xml version="1.0" encoding="utf-8" ?>
<dwsync>
<file name="basic.css" server="www.ili-studios.com//domains/erp.ili-studios.com/public_html/" local="130909279832962878" remote="130919019600000000" Dst="0" />
<file name="dropzone.css" server="www.ili-studios.com//domains/erp.ili-studios.com/public_html/" local="130909279833032937" remote="130919019600000000" Dst="0" />
<file name="basic.css" server="www.hebergili.com//public_html/" local="130909279832962878" remote="130927728600000000" Dst="0" />
<file name="dropzone.css" server="www.hebergili.com//public_html/" local="130909279833032937" remote="130927728600000000" Dst="0" />
<file name="basic.css" server="erp.ili-studios.com/public_html/" local="130936197617482413" remote="130945722600000000" Dst="0" />
<file name="dropzone.css" server="erp.ili-studios.com/public_html/" local="130936197617542476" remote="130945722600000000" Dst="0" />
<file name="basic.css" server="erp-aa-v1.ili-studios.tn//public_html/" local="130936197617482413" remote="131057284200000000" Dst="0" />
<file name="dropzone.css" server="erp-aa-v1.ili-studios.tn//public_html/" local="130936197617542476" remote="131057284200000000" Dst="0" />
<file name="basic.css" server="ili-studios.tn//public_html/projets/iLi-ERP-AA-V1/" local="130936197617482413" remote="131058831600000000" Dst="0" />
<file name="dropzone.css" server="ili-studios.tn//public_html/projets/iLi-ERP-AA-V1/" local="130936197617542476" remote="131058831600000000" Dst="0" />
<file name="basic.css" server="ili-manager-1.0.ili-studios.tn//public_html/" local="130936197617482413" remote="131082423000000000" Dst="0" />
<file name="dropzone.css" server="ili-manager-1.0.ili-studios.tn//public_html/" local="130936197617542476" remote="131082423000000000" Dst="0" />
</dwsync>