<?xml version="1.0" encoding="utf-8" ?>
<dwsync>
<file name="bootstrap.min.js" server="www.ili-studios.com//domains/erp.ili-studios.com/public_html/" local="130909279801784854" remote="130919017200000000" Dst="0" />
<file name="bootstrap.js" server="www.ili-studios.com//domains/erp.ili-studios.com/public_html/" local="130909279801634714" remote="130919017200000000" Dst="0" />
<file name="bootstrap.js" server="www.hebergili.com//public_html/" local="130909279801634714" remote="130927727400000000" Dst="0" />
<file name="bootstrap.min.js" server="www.hebergili.com//public_html/" local="130909279801784854" remote="130927727400000000" Dst="0" />
<file name="bootstrap.js" server="erp.ili-studios.com/public_html/" local="130936197526593457" remote="130945721400000000" Dst="0" />
<file name="bootstrap.min.js" server="erp.ili-studios.com/public_html/" local="130936197526813646" remote="130945721400000000" Dst="0" />
<file name="bootstrap.js" server="erp-aa-v1.ili-studios.tn//public_html/" local="131006126138143359" remote="131057282400000000" Dst="0" />
<file name="bootstrap.min.js" server="erp-aa-v1.ili-studios.tn//public_html/" local="130936197526813646" remote="131057282400000000" Dst="0" />
<file name="bootstrap.js" server="ili-studios.tn//public_html/projets/iLi-ERP-AA-V1/" local="131006126138143359" remote="131058829800000000" Dst="0" />
<file name="bootstrap.min.js" server="ili-studios.tn//public_html/projets/iLi-ERP-AA-V1/" local="130936197526813646" remote="131058829800000000" Dst="0" />
</dwsync>