<?xml version="1.0" encoding="utf-8" ?>
<dwsync>
<file name="posteddata.php" server="www.ili-studios.com//domains/erp.ili-studios.com/public_html/" local="130909279826507089" remote="130919018400000000" Dst="0" />
<file name="sample.css" server="www.ili-studios.com//domains/erp.ili-studios.com/public_html/" local="130909279826537107" remote="130919018400000000" Dst="0" />
<file name="sample.jpg" server="www.ili-studios.com//domains/erp.ili-studios.com/public_html/" local="130909279826587174" remote="130919018400000000" Dst="0" />
<file name="posteddata.php" server="www.hebergili.com//public_html/" local="130909279826507089" remote="130927728000000000" Dst="0" />
<file name="sample.css" server="www.hebergili.com//public_html/" local="130909279826537107" remote="130927728000000000" Dst="0" />
<file name="sample.jpg" server="www.hebergili.com//public_html/" local="130909279826587174" remote="130927728000000000" Dst="0" />
<file name="posteddata.php" server="erp.ili-studios.com/public_html/" local="130936197586401562" remote="130945722000000000" Dst="0" />
<file name="sample.css" server="erp.ili-studios.com/public_html/" local="130936197586451624" remote="130945722000000000" Dst="0" />
<file name="sample.jpg" server="erp.ili-studios.com/public_html/" local="130936197586501652" remote="130945722000000000" Dst="0" />
<file name="posteddata.php" server="erp-aa-v1.ili-studios.tn//public_html/" local="130936197586401562" remote="131057283600000000" Dst="0" />
<file name="sample.css" server="erp-aa-v1.ili-studios.tn//public_html/" local="130936197586451624" remote="131057283600000000" Dst="0" />
<file name="sample.jpg" server="erp-aa-v1.ili-studios.tn//public_html/" local="130936197586501652" remote="131057283600000000" Dst="0" />
<file name="posteddata.php" server="ili-studios.tn//public_html/projets/iLi-ERP-AA-V1/" local="130936197586401562" remote="131058831000000000" Dst="0" />
<file name="sample.css" server="ili-studios.tn//public_html/projets/iLi-ERP-AA-V1/" local="130936197586451624" remote="131058831000000000" Dst="0" />
<file name="sample.jpg" server="ili-studios.tn//public_html/projets/iLi-ERP-AA-V1/" local="130936197586501652" remote="131058831000000000" Dst="0" />
</dwsync>