<?xml version="1.0" encoding="utf-8" ?>
<dwsync>
<file name="chosen.jquery.coffee" server="www.ili-studios.com//domains/erp.ili-studios.com/public_html/" local="130909279808340741" remote="130919017200000000" Dst="0" />
<file name="chosen.proto.coffee" server="www.ili-studios.com//domains/erp.ili-studios.com/public_html/" local="130909279808430826" remote="130919017200000000" Dst="0" />
<file name="chosen.jquery.coffee" server="www.hebergili.com//public_html/" local="130909279808340741" remote="130927727400000000" Dst="0" />
<file name="chosen.proto.coffee" server="www.hebergili.com//public_html/" local="130909279808430826" remote="130927727400000000" Dst="0" />
<file name="chosen.jquery.coffee" server="erp.ili-studios.com/public_html/" local="130936197535651603" remote="130945721400000000" Dst="0" />
<file name="chosen.proto.coffee" server="erp.ili-studios.com/public_html/" local="130936197535751680" remote="130945721400000000" Dst="0" />
<file name="chosen.jquery.coffee" server="erp-aa-v1.ili-studios.tn//public_html/" local="130936197535651603" remote="131057282400000000" Dst="0" />
<file name="chosen.proto.coffee" server="erp-aa-v1.ili-studios.tn//public_html/" local="130936197535751680" remote="131057282400000000" Dst="0" />
<file name="chosen.jquery.coffee" server="ili-studios.tn//public_html/projets/iLi-ERP-AA-V1/" local="130936197535651603" remote="131058829800000000" Dst="0" />
<file name="chosen.proto.coffee" server="ili-studios.tn//public_html/projets/iLi-ERP-AA-V1/" local="130936197535751680" remote="131058829800000000" Dst="0" />
</dwsync>