<?xml version="1.0" encoding="utf-8" ?>
<dwsync>
<file name="bootstrap-responsive.css" server="www.ili-studios.com//domains/erp.ili-studios.com/public_html/" local="130909279800453696" remote="130919016600000000" Dst="0" />
<file name="bootstrap-responsive.min.css" server="www.ili-studios.com//domains/erp.ili-studios.com/public_html/" local="130909279800503702" remote="130919016600000000" Dst="0" />
<file name="bootstrap.css" server="www.ili-studios.com//domains/erp.ili-studios.com/public_html/" local="130909279800563782" remote="130919016600000000" Dst="0" />
<file name="bootstrap.min.css" server="www.ili-studios.com//domains/erp.ili-studios.com/public_html/" local="130909279800623810" remote="130919016600000000" Dst="0" />
<file name="bootstrap-responsive.css" server="www.hebergili.com//public_html/" local="130909279800453696" remote="130927726800000000" Dst="0" />
<file name="bootstrap-responsive.min.css" server="www.hebergili.com//public_html/" local="130909279800503702" remote="130927726800000000" Dst="0" />
<file name="bootstrap.css" server="www.hebergili.com//public_html/" local="130909279800563782" remote="130927726800000000" Dst="0" />
<file name="bootstrap.min.css" server="www.hebergili.com//public_html/" local="130909279800623810" remote="130927726800000000" Dst="0" />
<file name="bootstrap-responsive.css" server="erp.ili-studios.com/public_html/" local="130936197522449736" remote="130945721400000000" Dst="0" />
<file name="bootstrap-responsive.min.css" server="erp.ili-studios.com/public_html/" local="130936197522509794" remote="130945721400000000" Dst="0" />
<file name="bootstrap.css" server="erp.ili-studios.com/public_html/" local="130936197522579870" remote="130945721400000000" Dst="0" />
<file name="bootstrap.min.css" server="erp.ili-studios.com/public_html/" local="130936197522699961" remote="130945721400000000" Dst="0" />
<file name="bootstrap-responsive.css" server="erp-aa-v1.ili-studios.tn//public_html/" local="130936197522449736" remote="131057282400000000" Dst="0" />
<file name="bootstrap-responsive.min.css" server="erp-aa-v1.ili-studios.tn//public_html/" local="130936197522509794" remote="131057282400000000" Dst="0" />
<file name="bootstrap.css" server="erp-aa-v1.ili-studios.tn//public_html/" local="130936197522579870" remote="131057282400000000" Dst="0" />
<file name="bootstrap.min.css" server="erp-aa-v1.ili-studios.tn//public_html/" local="130936197522699961" remote="131057282400000000" Dst="0" />
<file name="bootstrap-responsive.css" server="ili-studios.tn//public_html/projets/iLi-ERP-AA-V1/" local="130936197522449736" remote="131058829200000000" Dst="0" />
<file name="bootstrap-responsive.min.css" server="ili-studios.tn//public_html/projets/iLi-ERP-AA-V1/" local="130936197522509794" remote="131058829200000000" Dst="0" />
<file name="bootstrap.css" server="ili-studios.tn//public_html/projets/iLi-ERP-AA-V1/" local="130936197522579870" remote="131058829200000000" Dst="0" />
<file name="bootstrap.min.css" server="ili-studios.tn//public_html/projets/iLi-ERP-AA-V1/" local="130936197522699961" remote="131058829200000000" Dst="0" />
</dwsync>