<?xml version="1.0" encoding="utf-8" ?>
<dwsync>
<file name="basic-custombuttons.html" server="www.ili-studios.com//domains/erp.ili-studios.com/public_html/" local="130909279801864943" remote="130919017200000000" Dst="0" />
<file name="basic-disabletabclick.html" server="www.ili-studios.com//domains/erp.ili-studios.com/public_html/" local="130909279802135168" remote="130919017200000000" Dst="0" />
<file name="basic-finishbutton.html" server="www.ili-studios.com//domains/erp.ili-studios.com/public_html/" local="130909279802265294" remote="130919017200000000" Dst="0" />
<file name="basic-custombuttonsfirstlast.html" server="www.ili-studios.com//domains/erp.ili-studios.com/public_html/" local="130909279801995047" remote="130919017200000000" Dst="0" />
<file name="basic-formvalidation.html" server="www.ili-studios.com//domains/erp.ili-studios.com/public_html/" local="130909279802375397" remote="130919017200000000" Dst="0" />
<file name="basic-inverse.html" server="www.ili-studios.com//domains/erp.ili-studios.com/public_html/" local="130909279802475479" remote="130919017200000000" Dst="0" />
<file name="basic-pills.html" server="www.ili-studios.com//domains/erp.ili-studios.com/public_html/" local="130909279802535520" remote="130919017200000000" Dst="0" />
<file name="basic-progressbar.html" server="www.ili-studios.com//domains/erp.ili-studios.com/public_html/" local="130909279802625618" remote="130919017200000000" Dst="0" />
<file name="basic-tabsleft.html" server="www.ili-studios.com//domains/erp.ili-studios.com/public_html/" local="130909279802685659" remote="130919017200000000" Dst="0" />
<file name="basic.html" server="www.ili-studios.com//domains/erp.ili-studios.com/public_html/" local="130909279802765739" remote="130919017200000000" Dst="0" />
<file name="multiple.html" server="www.ili-studios.com//domains/erp.ili-studios.com/public_html/" local="130909279802855825" remote="130919017200000000" Dst="0" />
<file name="basic-custombuttons.html" server="www.hebergili.com//public_html/" local="130909279801864943" remote="130927727400000000" Dst="0" />
<file name="basic-custombuttonsfirstlast.html" server="www.hebergili.com//public_html/" local="130909279801995047" remote="130927727400000000" Dst="0" />
<file name="basic-disabletabclick.html" server="www.hebergili.com//public_html/" local="130909279802135168" remote="130927727400000000" Dst="0" />
<file name="basic-finishbutton.html" server="www.hebergili.com//public_html/" local="130909279802265294" remote="130927727400000000" Dst="0" />
<file name="basic-formvalidation.html" server="www.hebergili.com//public_html/" local="130909279802375397" remote="130927727400000000" Dst="0" />
<file name="basic-inverse.html" server="www.hebergili.com//public_html/" local="130909279802475479" remote="130927727400000000" Dst="0" />
<file name="basic-pills.html" server="www.hebergili.com//public_html/" local="130909279802535520" remote="130927727400000000" Dst="0" />
<file name="basic-progressbar.html" server="www.hebergili.com//public_html/" local="130909279802625618" remote="130927727400000000" Dst="0" />
<file name="basic-tabsleft.html" server="www.hebergili.com//public_html/" local="130909279802685659" remote="130927727400000000" Dst="0" />
<file name="basic.html" server="www.hebergili.com//public_html/" local="130909279802765739" remote="130927727400000000" Dst="0" />
<file name="multiple.html" server="www.hebergili.com//public_html/" local="130909279802855825" remote="130927727400000000" Dst="0" />
<file name="basic-custombuttons.html" server="erp.ili-studios.com/public_html/" local="130936197527554315" remote="130945721400000000" Dst="0" />
<file name="basic-custombuttonsfirstlast.html" server="erp.ili-studios.com/public_html/" local="130936197527644413" remote="130945721400000000" Dst="0" />
<file name="basic-disabletabclick.html" server="erp.ili-studios.com/public_html/" local="130936197527744490" remote="130945721400000000" Dst="0" />
<file name="basic-finishbutton.html" server="erp.ili-studios.com/public_html/" local="130936197527844572" remote="130945721400000000" Dst="0" />
<file name="basic-formvalidation.html" server="erp.ili-studios.com/public_html/" local="130936197527954679" remote="130945721400000000" Dst="0" />
<file name="basic-inverse.html" server="erp.ili-studios.com/public_html/" local="130936197528044756" remote="130945721400000000" Dst="0" />
<file name="basic-pills.html" server="erp.ili-studios.com/public_html/" local="130936197528124836" remote="130945721400000000" Dst="0" />
<file name="basic-progressbar.html" server="erp.ili-studios.com/public_html/" local="130936197528224917" remote="130945721400000000" Dst="0" />
<file name="basic-tabsleft.html" server="erp.ili-studios.com/public_html/" local="130936197528315002" remote="130945721400000000" Dst="0" />
<file name="basic.html" server="erp.ili-studios.com/public_html/" local="130936197528375061" remote="130945721400000000" Dst="0" />
<file name="multiple.html" server="erp.ili-studios.com/public_html/" local="130936197528505169" remote="130945721400000000" Dst="0" />
<file name="basic-custombuttons.html" server="erp-aa-v1.ili-studios.tn//public_html/" local="130936197527554315" remote="131057282400000000" Dst="0" />
<file name="basic-custombuttonsfirstlast.html" server="erp-aa-v1.ili-studios.tn//public_html/" local="130936197527644413" remote="131057282400000000" Dst="0" />
<file name="basic-disabletabclick.html" server="erp-aa-v1.ili-studios.tn//public_html/" local="130936197527744490" remote="131057282400000000" Dst="0" />
<file name="basic-finishbutton.html" server="erp-aa-v1.ili-studios.tn//public_html/" local="130936197527844572" remote="131057282400000000" Dst="0" />
<file name="basic-formvalidation.html" server="erp-aa-v1.ili-studios.tn//public_html/" local="130936197527954679" remote="131057282400000000" Dst="0" />
<file name="basic-inverse.html" server="erp-aa-v1.ili-studios.tn//public_html/" local="130936197528044756" remote="131057282400000000" Dst="0" />
<file name="basic-pills.html" server="erp-aa-v1.ili-studios.tn//public_html/" local="130936197528124836" remote="131057282400000000" Dst="0" />
<file name="basic-progressbar.html" server="erp-aa-v1.ili-studios.tn//public_html/" local="130936197528224917" remote="131057282400000000" Dst="0" />
<file name="basic-tabsleft.html" server="erp-aa-v1.ili-studios.tn//public_html/" local="130936197528315002" remote="131057282400000000" Dst="0" />
<file name="basic.html" server="erp-aa-v1.ili-studios.tn//public_html/" local="130936197528375061" remote="131057282400000000" Dst="0" />
<file name="multiple.html" server="erp-aa-v1.ili-studios.tn//public_html/" local="130936197528505169" remote="131057282400000000" Dst="0" />
<file name="basic-custombuttons.html" server="ili-studios.tn//public_html/projets/iLi-ERP-AA-V1/" local="130936197527554315" remote="131058829800000000" Dst="0" />
<file name="basic-custombuttonsfirstlast.html" server="ili-studios.tn//public_html/projets/iLi-ERP-AA-V1/" local="130936197527644413" remote="131058829800000000" Dst="0" />
<file name="basic-disabletabclick.html" server="ili-studios.tn//public_html/projets/iLi-ERP-AA-V1/" local="130936197527744490" remote="131058829800000000" Dst="0" />
<file name="basic-finishbutton.html" server="ili-studios.tn//public_html/projets/iLi-ERP-AA-V1/" local="130936197527844572" remote="131058829800000000" Dst="0" />
<file name="basic-formvalidation.html" server="ili-studios.tn//public_html/projets/iLi-ERP-AA-V1/" local="130936197527954679" remote="131058829800000000" Dst="0" />
<file name="basic-inverse.html" server="ili-studios.tn//public_html/projets/iLi-ERP-AA-V1/" local="130936197528044756" remote="131058829800000000" Dst="0" />
<file name="basic-pills.html" server="ili-studios.tn//public_html/projets/iLi-ERP-AA-V1/" local="130936197528124836" remote="131058829800000000" Dst="0" />
<file name="basic-progressbar.html" server="ili-studios.tn//public_html/projets/iLi-ERP-AA-V1/" local="130936197528224917" remote="131058829800000000" Dst="0" />
<file name="basic-tabsleft.html" server="ili-studios.tn//public_html/projets/iLi-ERP-AA-V1/" local="130936197528315002" remote="131058829800000000" Dst="0" />
<file name="basic.html" server="ili-studios.tn//public_html/projets/iLi-ERP-AA-V1/" local="130936197528375061" remote="131058829800000000" Dst="0" />
<file name="multiple.html" server="ili-studios.tn//public_html/projets/iLi-ERP-AA-V1/" local="130936197528505169" remote="131058829800000000" Dst="0" />
</dwsync>