<?xml version="1.0" encoding="utf-8" ?>
<dwsync>
<file name="CHANGELOG.txt" server="www.ili-studios.com//domains/erp.ili-studios.com/public_html/" local="130909279829519792" remote="130919019000000000" Dst="0" />
<file name="LICENSE-MIT" server="www.ili-studios.com//domains/erp.ili-studios.com/public_html/" local="130909279829559828" remote="130919019000000000" Dst="0" />
<file name="README.md" server="www.ili-studios.com//domains/erp.ili-studios.com/public_html/" local="130909279829619874" remote="130919019000000000" Dst="0" />
<file name="CHANGELOG.txt" server="www.hebergili.com//public_html/" local="130909279829519792" remote="130927728600000000" Dst="0" />
<file name="LICENSE-MIT" server="www.hebergili.com//public_html/" local="130909279829559828" remote="130927728600000000" Dst="0" />
<file name="README.md" server="www.hebergili.com//public_html/" local="130909279829619874" remote="130927728600000000" Dst="0" />
<file name="CHANGELOG.txt" server="erp.ili-studios.com/public_html/" local="130936197605281484" remote="130945722600000000" Dst="0" />
<file name="README.md" server="erp.ili-studios.com/public_html/" local="130936197605371543" remote="130945722600000000" Dst="0" />
<file name="LICENSE-MIT" server="erp.ili-studios.com/public_html/" local="130936197605321507" remote="130945722600000000" Dst="0" />
<file name="CHANGELOG.txt" server="erp-aa-v1.ili-studios.tn//public_html/" local="130936197605281484" remote="131057283600000000" Dst="0" />
<file name="LICENSE-MIT" server="erp-aa-v1.ili-studios.tn//public_html/" local="130936197605321507" remote="131057283600000000" Dst="0" />
<file name="README.md" server="erp-aa-v1.ili-studios.tn//public_html/" local="130936197605371543" remote="131057283600000000" Dst="0" />
<file name="CHANGELOG.txt" server="ili-studios.tn//public_html/projets/iLi-ERP-AA-V1/" local="130936197605281484" remote="131058831000000000" Dst="0" />
<file name="LICENSE-MIT" server="ili-studios.tn//public_html/projets/iLi-ERP-AA-V1/" local="130936197605321507" remote="131058831000000000" Dst="0" />
<file name="README.md" server="ili-studios.tn//public_html/projets/iLi-ERP-AA-V1/" local="130936197605371543" remote="131058831000000000" Dst="0" />
<file name="CHANGELOG.txt" server="ili-manager-1.0.ili-studios.tn//public_html/" local="130936197605281484" remote="131082422400000000" Dst="0" />
<file name="LICENSE-MIT" server="ili-manager-1.0.ili-studios.tn//public_html/" local="130936197605321507" remote="131082422400000000" Dst="0" />
<file name="README.md" server="ili-manager-1.0.ili-studios.tn//public_html/" local="130936197605371543" remote="131082422400000000" Dst="0" />
</dwsync>