<?xml version="1.0" encoding="utf-8" ?>
<dwsync>
<file name="CHANGELOG.md" server="www.ili-studios.com//domains/erp.ili-studios.com/public_html/" local="130909279833593453" remote="130919020200000000" Dst="0" />
<file name="README.md" server="www.ili-studios.com//domains/erp.ili-studios.com/public_html/" local="130909279833763593" remote="130919020200000000" Dst="0" />
<file name="CHANGELOG.md" server="www.hebergili.com//public_html/" local="130909279833593453" remote="130927729200000000" Dst="0" />
<file name="README.md" server="www.hebergili.com//public_html/" local="130909279833763593" remote="130927729200000000" Dst="0" />
<file name="CHANGELOG.md" server="erp.ili-studios.com/public_html/" local="130936197618573405" remote="130945722600000000" Dst="0" />
<file name="README.md" server="erp.ili-studios.com/public_html/" local="130936197618713540" remote="130945722600000000" Dst="0" />
<file name="CHANGELOG.md" server="erp-aa-v1.ili-studios.tn//public_html/" local="130936197618573405" remote="131057284200000000" Dst="0" />
<file name="README.md" server="erp-aa-v1.ili-studios.tn//public_html/" local="130936197618713540" remote="131057284200000000" Dst="0" />
<file name="CHANGELOG.md" server="ili-studios.tn//public_html/projets/iLi-ERP-AA-V1/" local="130936197618573405" remote="131058831600000000" Dst="0" />
<file name="README.md" server="ili-studios.tn//public_html/projets/iLi-ERP-AA-V1/" local="130936197618713540" remote="131058832200000000" Dst="0" />
<file name="CHANGELOG.md" server="ili-manager-1.0.ili-studios.tn//public_html/" local="130936197618573405" remote="131082423000000000" Dst="0" />
<file name="README.md" server="ili-manager-1.0.ili-studios.tn//public_html/" local="130936197618713540" remote="131082423000000000" Dst="0" />
</dwsync>