<?xml version="1.0" encoding="utf-8" ?>
<dwsync>
<file name="bootstrap.js" server="www.ili-studios.com//domains/erp.ili-studios.com/public_html/" local="130909279800794412" remote="130919016600000000" Dst="0" />
<file name="bootstrap.min.js" server="www.ili-studios.com//domains/erp.ili-studios.com/public_html/" local="130909279800944098" remote="130919016600000000" Dst="0" />
<file name="bootstrap.js" server="www.hebergili.com//public_html/" local="130909279800794412" remote="130927726800000000" Dst="0" />
<file name="bootstrap.min.js" server="www.hebergili.com//public_html/" local="130909279800944098" remote="130927726800000000" Dst="0" />
<file name="bootstrap.min.js" server="erp.ili-studios.com/public_html/" local="130936197523260464" remote="130945721400000000" Dst="0" />
<file name="bootstrap.js" server="erp.ili-studios.com/public_html/" local="130936197523050280" remote="130945721400000000" Dst="0" />
<file name="bootstrap.js" server="erp-aa-v1.ili-studios.tn//public_html/" local="131006126135725734" remote="131057282400000000" Dst="0" />
<file name="bootstrap.min.js" server="erp-aa-v1.ili-studios.tn//public_html/" local="130936197523260464" remote="131057282400000000" Dst="0" />
<file name="bootstrap.js" server="ili-studios.tn//public_html/projets/iLi-ERP-AA-V1/" local="131006126135725734" remote="131058829200000000" Dst="0" />
<file name="bootstrap.min.js" server="ili-studios.tn//public_html/projets/iLi-ERP-AA-V1/" local="130936197523260464" remote="131058829200000000" Dst="0" />
</dwsync>