<?xml version="1.0" encoding="utf-8" ?>
<dwsync>
<file name="example.js" server="www.ili-studios.com//domains/erp.ili-studios.com/public_html/" local="130909279800994147" remote="130919016600000000" Dst="0" />
<file name="index.html" server="www.ili-studios.com//domains/erp.ili-studios.com/public_html/" local="130909279801094237" remote="130919016600000000" Dst="0" />
<file name="htmlexample.html" server="www.ili-studios.com//domains/erp.ili-studios.com/public_html/" local="130909279801034641" remote="130919016600000000" Dst="0" />
<file name="jsonexample.json" server="www.ili-studios.com//domains/erp.ili-studios.com/public_html/" local="130909279801134718" remote="130919016600000000" Dst="0" />
<file name="README.md" server="www.ili-studios.com//domains/erp.ili-studios.com/public_html/" local="130909279800203899" remote="130919016600000000" Dst="0" />
<file name="xmlexample.xml" server="www.ili-studios.com//domains/erp.ili-studios.com/public_html/" local="130909279801164296" remote="130919016600000000" Dst="0" />
<file name="example.js" server="www.hebergili.com//public_html/" local="130909279800994147" remote="130927726800000000" Dst="0" />
<file name="index.html" server="www.hebergili.com//public_html/" local="130909279801094237" remote="130927726800000000" Dst="0" />
<file name="htmlexample.html" server="www.hebergili.com//public_html/" local="130909279801034641" remote="130927726800000000" Dst="0" />
<file name="jsonexample.json" server="www.hebergili.com//public_html/" local="130909279801134718" remote="130927726800000000" Dst="0" />
<file name="xmlexample.xml" server="www.hebergili.com//public_html/" local="130909279801164296" remote="130927726800000000" Dst="0" />
<file name="README.md" server="www.hebergili.com//public_html/" local="130909279800203899" remote="130927726800000000" Dst="0" />
<file name="example.js" server="erp.ili-studios.com/public_html/" local="130936197523490671" remote="130945721400000000" Dst="0" />
<file name="index.html" server="erp.ili-studios.com/public_html/" local="130936197523610774" remote="130945721400000000" Dst="0" />
<file name="htmlexample.html" server="erp.ili-studios.com/public_html/" local="130936197523550725" remote="130945721400000000" Dst="0" />
<file name="jsonexample.json" server="erp.ili-studios.com/public_html/" local="130936197523670828" remote="130945721400000000" Dst="0" />
<file name="README.md" server="erp.ili-studios.com/public_html/" local="130936197521799161" remote="130945721400000000" Dst="0" />
<file name="xmlexample.xml" server="erp.ili-studios.com/public_html/" local="130936197524791843" remote="130945721400000000" Dst="0" />
<file name="example.js" server="erp-aa-v1.ili-studios.tn//public_html/" local="130936197523490671" remote="131057282400000000" Dst="0" />
<file name="index.html" server="erp-aa-v1.ili-studios.tn//public_html/" local="131006126133996054" remote="131057282400000000" Dst="0" />
<file name="htmlexample.html" server="erp-aa-v1.ili-studios.tn//public_html/" local="131006126133996054" remote="131057282400000000" Dst="0" />
<file name="xmlexample.xml" server="erp-aa-v1.ili-studios.tn//public_html/" local="130936197524791843" remote="131057282400000000" Dst="0" />
<file name="jsonexample.json" server="erp-aa-v1.ili-studios.tn//public_html/" local="130936197523670828" remote="131057282400000000" Dst="0" />
<file name="README.md" server="erp-aa-v1.ili-studios.tn//public_html/" local="130936197521799161" remote="131057282400000000" Dst="0" />
<file name="index.html" server="ili-studios.tn//public_html/projets/iLi-ERP-AA-V1/" local="131006126133996054" remote="131058829200000000" Dst="0" />
<file name="example.js" server="ili-studios.tn//public_html/projets/iLi-ERP-AA-V1/" local="130936197523490671" remote="131058829200000000" Dst="0" />
<file name="htmlexample.html" server="ili-studios.tn//public_html/projets/iLi-ERP-AA-V1/" local="131006126133996054" remote="131058829200000000" Dst="0" />
<file name="jsonexample.json" server="ili-studios.tn//public_html/projets/iLi-ERP-AA-V1/" local="130936197523670828" remote="131058829200000000" Dst="0" />
<file name="README.md" server="ili-studios.tn//public_html/projets/iLi-ERP-AA-V1/" local="130936197521799161" remote="131058829200000000" Dst="0" />
<file name="xmlexample.xml" server="ili-studios.tn//public_html/projets/iLi-ERP-AA-V1/" local="130936197524791843" remote="131058829200000000" Dst="0" />
</dwsync>