<?xml version="1.0" encoding="utf-8" ?>
<dwsync>
<file name="add.php" server="www.hebergili.com//public_html/" local="130927674010000000" remote="130927726200000000" Dst="0" />
<file name="liste.php" server="www.hebergili.com//public_html/" local="130927705360196935" remote="130927726200000000" Dst="0" />
<file name="client.php" server="www.hebergili.com//public_html/" local="130928441000000000" remote="130928455200000000" Dst="0" />
<file name="add.php" server="erp.ili-studios.com/public_html/" local="130936197496085441" remote="130945720800000000" Dst="0" />
<file name="client.php" server="erp.ili-studios.com/public_html/" local="130936197498247382" remote="130945720800000000" Dst="0" />
<file name="edit.php" server="erp.ili-studios.com/public_html/" local="130936197503717806" remote="130945720800000000" Dst="0" />
<file name="liste.php" server="erp.ili-studios.com/public_html/" local="130936197504028089" remote="130945720800000000" Dst="0" />
<file name="remove.php" server="erp.ili-studios.com/public_html/" local="130936197504198293" remote="130945720800000000" Dst="0" />
<file name="add.php" server="erp-aa-v1.ili-studios.tn//public_html/" local="131054935879308180" remote="131057286000000000" Dst="0" />
<file name="client.php" server="erp-aa-v1.ili-studios.tn//public_html/" local="131056203478748851" remote="131057286000000000" Dst="0" />
<file name="edit.php" server="erp-aa-v1.ili-studios.tn//public_html/" local="131052731171714957" remote="131057286000000000" Dst="0" />
<file name="liste.php" server="erp-aa-v1.ili-studios.tn//public_html/" local="131055788283579207" remote="131057286000000000" Dst="0" />
<file name="remove.php" server="erp-aa-v1.ili-studios.tn//public_html/" local="131011567488196170" remote="131057286000000000" Dst="0" />
<file name="add.php" server="ili-studios.tn//public_html/projets/iLi-ERP-AA-V1/" local="131054935879308180" remote="131058834600000000" Dst="0" />
<file name="client.php" server="ili-studios.tn//public_html/projets/iLi-ERP-AA-V1/" local="131056203478748851" remote="131058834600000000" Dst="0" />
<file name="edit.php" server="ili-studios.tn//public_html/projets/iLi-ERP-AA-V1/" local="131052731171714957" remote="131058834600000000" Dst="0" />
<file name="liste.php" server="ili-studios.tn//public_html/projets/iLi-ERP-AA-V1/" local="131055788283579207" remote="131058834600000000" Dst="0" />
<file name="remove.php" server="ili-studios.tn//public_html/projets/iLi-ERP-AA-V1/" local="131011567488196170" remote="131058834600000000" Dst="0" />
<file name="remove.php" server="ili-manager-1.0.ili-studios.tn//public_html/" local="131086465665730774" remote="131086429800000000" Dst="0" />
</dwsync>