<?xml version="1.0" encoding="utf-8" ?>
<dwsync>
<file name="bootstrap-inputmask.min.js" server="www.ili-studios.com//domains/erp.ili-studios.com/public_html/" local="130909279798992348" remote="130919015400000000" Dst="0" />
<file name="bootstrap-inputmask.js" server="www.ili-studios.com//domains/erp.ili-studios.com/public_html/" local="130909279798902267" remote="130919016600000000" Dst="0" />
<file name="bootstrap-inputmask.min.js" server="www.hebergili.com//public_html/" local="130909279798992348" remote="130927726200000000" Dst="0" />
<file name="bootstrap-inputmask.js" server="www.hebergili.com//public_html/" local="130909279798902267" remote="130927726800000000" Dst="0" />
<file name="bootstrap-inputmask.min.js" server="erp.ili-studios.com/public_html/" local="130936197513151383" remote="130945720800000000" Dst="0" />
<file name="bootstrap-inputmask.js" server="erp.ili-studios.com/public_html/" local="130936197513031280" remote="130945721400000000" Dst="0" />
<file name="bootstrap-inputmask.min.js" server="erp-aa-v1.ili-studios.tn//public_html/" local="130936197513151383" remote="131057281800000000" Dst="0" />
<file name="bootstrap-inputmask.js" server="erp-aa-v1.ili-studios.tn//public_html/" local="131006126132372995" remote="131057281800000000" Dst="0" />
<file name="bootstrap-inputmask.min.js" server="ili-studios.tn//public_html/projets/iLi-ERP-AA-V1/" local="130936197513151383" remote="131058828600000000" Dst="0" />
<file name="bootstrap-inputmask.js" server="ili-studios.tn//public_html/projets/iLi-ERP-AA-V1/" local="131006126132372995" remote="131058829200000000" Dst="0" />
</dwsync>