<?xml version="1.0" encoding="utf-8" ?>
<dwsync>
<file name="FjallaOne-Regular.ttf" server="www.ili-studios.com//domains/erp.ili-studios.com/public_html/" local="130909279829820054" remote="130919019600000000" Dst="0" />
<file name="OFL.txt" server="www.ili-studios.com//domains/erp.ili-studios.com/public_html/" local="130909279829850085" remote="130919019600000000" Dst="0" />
<file name="FjallaOne-Regular.ttf" server="www.hebergili.com//public_html/" local="130909279829820054" remote="130927728600000000" Dst="0" />
<file name="OFL.txt" server="www.hebergili.com//public_html/" local="130909279829850085" remote="130927728600000000" Dst="0" />
<file name="FjallaOne-Regular.ttf" server="erp.ili-studios.com/public_html/" local="130936197605791925" remote="130945722600000000" Dst="0" />
<file name="OFL.txt" server="erp.ili-studios.com/public_html/" local="130936197605841966" remote="130945722600000000" Dst="0" />
<file name="FjallaOne-Regular.ttf" server="erp-aa-v1.ili-studios.tn//public_html/" local="130936197605791925" remote="131057284200000000" Dst="0" />
<file name="OFL.txt" server="erp-aa-v1.ili-studios.tn//public_html/" local="130936197605841966" remote="131057284200000000" Dst="0" />
<file name="FjallaOne-Regular.ttf" server="ili-studios.tn//public_html/projets/iLi-ERP-AA-V1/" local="130936197605791925" remote="131058831600000000" Dst="0" />
<file name="OFL.txt" server="ili-studios.tn//public_html/projets/iLi-ERP-AA-V1/" local="130936197605841966" remote="131058831600000000" Dst="0" />
<file name="FjallaOne-Regular.ttf" server="ili-manager-1.0.ili-studios.tn//public_html/" local="130936197605791925" remote="131082422400000000" Dst="0" />
<file name="OFL.txt" server="ili-manager-1.0.ili-studios.tn//public_html/" local="130936197605841966" remote="131082422400000000" Dst="0" />
</dwsync>