<?xml version="1.0" encoding="utf-8" ?>
<dwsync>
<file name="Cakefile" server="www.ili-studios.com//domains/erp.ili-studios.com/public_html/" local="130909279804557337" remote="130919017200000000" Dst="0" />
<file name="example.jquery.html" server="www.ili-studios.com//domains/erp.ili-studios.com/public_html/" local="130909279808620993" remote="130919017200000000" Dst="0" />
<file name="example.proto.html" server="www.ili-studios.com//domains/erp.ili-studios.com/public_html/" local="130909279808721109" remote="130919017200000000" Dst="0" />
<file name="LICENSE.md" server="www.ili-studios.com//domains/erp.ili-studios.com/public_html/" local="130909279804607395" remote="130919017200000000" Dst="0" />
<file name="package.json" server="www.ili-studios.com//domains/erp.ili-studios.com/public_html/" local="130909279808761157" remote="130919017200000000" Dst="0" />
<file name="README.md" server="www.ili-studios.com//domains/erp.ili-studios.com/public_html/" local="130909279804647452" remote="130919017200000000" Dst="0" />
<file name="VERSION" server="www.ili-studios.com//domains/erp.ili-studios.com/public_html/" local="130909279804677453" remote="130919017200000000" Dst="0" />
<file name="Cakefile" server="www.hebergili.com//public_html/" local="130909279804557337" remote="130927727400000000" Dst="0" />
<file name="LICENSE.md" server="www.hebergili.com//public_html/" local="130909279804607395" remote="130927727400000000" Dst="0" />
<file name="example.jquery.html" server="www.hebergili.com//public_html/" local="130909279808620993" remote="130927727400000000" Dst="0" />
<file name="example.proto.html" server="www.hebergili.com//public_html/" local="130909279808721109" remote="130927727400000000" Dst="0" />
<file name="VERSION" server="www.hebergili.com//public_html/" local="130909279804677453" remote="130927727400000000" Dst="0" />
<file name="package.json" server="www.hebergili.com//public_html/" local="130909279808761157" remote="130927727400000000" Dst="0" />
<file name="README.md" server="www.hebergili.com//public_html/" local="130909279804647452" remote="130927727400000000" Dst="0" />
<file name="Cakefile" server="erp.ili-studios.com/public_html/" local="130936197533159361" remote="130945721400000000" Dst="0" />
<file name="LICENSE.md" server="erp.ili-studios.com/public_html/" local="130936197533199388" remote="130945721400000000" Dst="0" />
<file name="example.jquery.html" server="erp.ili-studios.com/public_html/" local="130936197536482331" remote="130945721400000000" Dst="0" />
<file name="example.proto.html" server="erp.ili-studios.com/public_html/" local="130936197536572408" remote="130945721400000000" Dst="0" />
<file name="VERSION" server="erp.ili-studios.com/public_html/" local="130936197533299474" remote="130945721400000000" Dst="0" />
<file name="package.json" server="erp.ili-studios.com/public_html/" local="130936197536622466" remote="130945721400000000" Dst="0" />
<file name="README.md" server="erp.ili-studios.com/public_html/" local="130936197533249433" remote="130945721400000000" Dst="0" />
<file name="Cakefile" server="erp-aa-v1.ili-studios.tn//public_html/" local="131006126140194821" remote="131057282400000000" Dst="0" />
<file name="LICENSE.md" server="erp-aa-v1.ili-studios.tn//public_html/" local="130936197533199388" remote="131057282400000000" Dst="0" />
<file name="example.jquery.html" server="erp-aa-v1.ili-studios.tn//public_html/" local="131006126140352685" remote="131057282400000000" Dst="0" />
<file name="example.proto.html" server="erp-aa-v1.ili-studios.tn//public_html/" local="131006126140665411" remote="131057282400000000" Dst="0" />
<file name="VERSION" server="erp-aa-v1.ili-studios.tn//public_html/" local="130936197533299474" remote="131057282400000000" Dst="0" />
<file name="package.json" server="erp-aa-v1.ili-studios.tn//public_html/" local="131006126140665411" remote="131057282400000000" Dst="0" />
<file name="README.md" server="erp-aa-v1.ili-studios.tn//public_html/" local="130936197533249433" remote="131057282400000000" Dst="0" />
<file name="Cakefile" server="ili-studios.tn//public_html/projets/iLi-ERP-AA-V1/" local="131006126140194821" remote="131058829800000000" Dst="0" />
<file name="LICENSE.md" server="ili-studios.tn//public_html/projets/iLi-ERP-AA-V1/" local="130936197533199388" remote="131058829800000000" Dst="0" />
<file name="example.jquery.html" server="ili-studios.tn//public_html/projets/iLi-ERP-AA-V1/" local="131006126140352685" remote="131058829800000000" Dst="0" />
<file name="example.proto.html" server="ili-studios.tn//public_html/projets/iLi-ERP-AA-V1/" local="131006126140665411" remote="131058829800000000" Dst="0" />
<file name="README.md" server="ili-studios.tn//public_html/projets/iLi-ERP-AA-V1/" local="130936197533249433" remote="131058829800000000" Dst="0" />
<file name="VERSION" server="ili-studios.tn//public_html/projets/iLi-ERP-AA-V1/" local="130936197533299474" remote="131058829800000000" Dst="0" />
<file name="package.json" server="ili-studios.tn//public_html/projets/iLi-ERP-AA-V1/" local="131006126140665411" remote="131058829800000000" Dst="0" />
</dwsync>