<?xml version="1.0" encoding="utf-8" ?>
<dwsync>
<file name="read.php" server="www.ili-studios.com//domains/erp.ili-studios.com/public_html/" local="130919044197678639" remote="130919013600000000" Dst="0" />
<file name="start.php" server="www.ili-studios.com//domains/erp.ili-studios.com/public_html/" local="130917240460629112" remote="130919015400000000" Dst="0" />
<file name="index.html" server="www.hebergili.com//public_html/" local="130924000994490248" remote="130927725000000000" Dst="0" />
<file name="read.php" server="www.hebergili.com//public_html/" local="130924263554320721" remote="130927725000000000" Dst="0" />
<file name="start.php" server="www.hebergili.com//public_html/" local="130923300794335775" remote="130927726200000000" Dst="0" />
<file name="index.html" server="erp.ili-studios.com/public_html/" local="130936197489927788" remote="130945720200000000" Dst="0" />
<file name="read.php" server="erp.ili-studios.com/public_html/" local="130936197493713302" remote="130945720200000000" Dst="0" />
<file name="start.php" server="erp.ili-studios.com/public_html/" local="130936197494253796" remote="130945720800000000" Dst="0" />
<file name="inbox.php" server="erp-aa-v1.ili-studios.tn//public_html/" local="131011566316729722" remote="131057286000000000" Dst="0" />
<file name="index.html" server="erp-aa-v1.ili-studios.tn//public_html/" local="130936197489927788" remote="131057286000000000" Dst="0" />
<file name="read.php" server="erp-aa-v1.ili-studios.tn//public_html/" local="131007239703380181" remote="131057286000000000" Dst="0" />
<file name="start.php" server="erp-aa-v1.ili-studios.tn//public_html/" local="131009628195508952" remote="131057286000000000" Dst="0" />
<file name="inbox.php" server="ili-studios.tn//public_html/projets/iLi-ERP-AA-V1/" local="131011566316729722" remote="131058834600000000" Dst="0" />
<file name="index.html" server="ili-studios.tn//public_html/projets/iLi-ERP-AA-V1/" local="130936197489927788" remote="131058834600000000" Dst="0" />
<file name="read.php" server="ili-studios.tn//public_html/projets/iLi-ERP-AA-V1/" local="131007239703380181" remote="131058834600000000" Dst="0" />
<file name="start.php" server="ili-studios.tn//public_html/projets/iLi-ERP-AA-V1/" local="131009628195508952" remote="131058834600000000" Dst="0" />
</dwsync>