<?xml version="1.0" encoding="utf-8" ?>
<dwsync>
<file name="jquery.mousewheel-3.0.6.pack.js" server="www.ili-studios.com//domains/erp.ili-studios.com/public_html/" local="130909279835264947" remote="130919020200000000" Dst="0" />
<file name="jquery-1.8.2.min.js" server="www.ili-studios.com//domains/erp.ili-studios.com/public_html/" local="130909279835204884" remote="130919020200000000" Dst="0" />
<file name="jquery.mousewheel-3.0.6.pack.js" server="www.hebergili.com//public_html/" local="130909279835264947" remote="130927729200000000" Dst="0" />
<file name="jquery-1.8.2.min.js" server="www.hebergili.com//public_html/" local="130909279835204884" remote="130927729200000000" Dst="0" />
<file name="jquery.mousewheel-3.0.6.pack.js" server="erp.ili-studios.com/public_html/" local="130936197621225783" remote="130945722600000000" Dst="0" />
<file name="jquery-1.8.2.min.js" server="erp.ili-studios.com/public_html/" local="130936197621155720" remote="130945723200000000" Dst="0" />
<file name="jquery.mousewheel-3.0.6.pack.js" server="erp-aa-v1.ili-studios.tn//public_html/" local="130936197621225783" remote="131057284200000000" Dst="0" />
<file name="jquery-1.8.2.min.js" server="erp-aa-v1.ili-studios.tn//public_html/" local="130936197621155720" remote="131057284200000000" Dst="0" />
<file name="jquery.mousewheel-3.0.6.pack.js" server="ili-studios.tn//public_html/projets/iLi-ERP-AA-V1/" local="130936197621225783" remote="131058832200000000" Dst="0" />
<file name="jquery-1.8.2.min.js" server="ili-studios.tn//public_html/projets/iLi-ERP-AA-V1/" local="130936197621155720" remote="131058832200000000" Dst="0" />
<file name="jquery.mousewheel-3.0.6.pack.js" server="ili-manager-1.0.ili-studios.tn//public_html/" local="130936197621225783" remote="131082423000000000" Dst="0" />
<file name="jquery-1.8.2.min.js" server="ili-manager-1.0.ili-studios.tn//public_html/" local="130936197621155720" remote="131082423000000000" Dst="0" />
</dwsync>