<?xml version="1.0" encoding="utf-8" ?>
<dwsync>
<file name="add.php" server="erp-aa-v1.ili-studios.tn//public_html/" local="131055358487031446" remote="131057286000000000" Dst="0" />
<file name="index.php" server="erp-aa-v1.ili-studios.tn//public_html/" local="131054940434278282" remote="131057286000000000" Dst="0" />
<file name="new.php" server="erp-aa-v1.ili-studios.tn//public_html/" local="131054941811933088" remote="131057286000000000" Dst="0" />
<file name="search.php" server="erp-aa-v1.ili-studios.tn//public_html/" local="131055787861615857" remote="131057286000000000" Dst="0" />
<file name="add.php" server="ili-studios.tn//public_html/projets/iLi-ERP-AA-V1/" local="131055358487031446" remote="131058834600000000" Dst="0" />
<file name="index.php" server="ili-studios.tn//public_html/projets/iLi-ERP-AA-V1/" local="131054940434278282" remote="131058834600000000" Dst="0" />
<file name="new.php" server="ili-studios.tn//public_html/projets/iLi-ERP-AA-V1/" local="131054941811933088" remote="131058834600000000" Dst="0" />
<file name="search.php" server="ili-studios.tn//public_html/projets/iLi-ERP-AA-V1/" local="131055787861615857" remote="131058834600000000" Dst="0" />
</dwsync>