<?xml version="1.0" encoding="utf-8" ?>
<dwsync>
<file name="glyphicons-halflings.png" server="www.ili-studios.com//domains/erp.ili-studios.com/public_html/" local="130909279804086935" remote="130919013600000000" Dst="0" />
<file name="glyphicons-halflings-white.png" server="www.ili-studios.com//domains/erp.ili-studios.com/public_html/" local="130909279804066913" remote="130919013600000000" Dst="0" />
<file name="glyphicons-halflings.png" server="www.hebergili.com//public_html/" local="130909279804086935" remote="130927725000000000" Dst="0" />
<file name="glyphicons-halflings-white.png" server="www.hebergili.com//public_html/" local="130909279804066913" remote="130927725000000000" Dst="0" />
<file name="glyphicons-halflings.png" server="erp.ili-studios.com/public_html/" local="130936197530897325" remote="130945720200000000" Dst="0" />
<file name="glyphicons-halflings-white.png" server="erp.ili-studios.com/public_html/" local="130936197530887312" remote="130945720800000000" Dst="0" />
<file name="glyphicons-halflings.png" server="erp-aa-v1.ili-studios.tn//public_html/" local="130936197530897325" remote="131057280600000000" Dst="0" />
<file name="glyphicons-halflings-white.png" server="erp-aa-v1.ili-studios.tn//public_html/" local="130936197530887312" remote="131057280600000000" Dst="0" />
<file name="glyphicons-halflings.png" server="ili-studios.tn//public_html/projets/iLi-ERP-AA-V1/" local="130936197530897325" remote="131082373200000000" Dst="0" />
<file name="glyphicons-halflings-white.png" server="ili-studios.tn//public_html/projets/iLi-ERP-AA-V1/" local="130936197530887312" remote="131082373200000000" Dst="0" />
<file name="glyphicons-halflings-white.png" server="ili-manager-1.0.ili-studios.tn//public_html/" local="130936197530887312" remote="131082417000000000" Dst="0" />
<file name="glyphicons-halflings.png" server="ili-manager-1.0.ili-studios.tn//public_html/" local="130936197530897325" remote="131082417000000000" Dst="0" />
</dwsync>