<?xml version="1.0" encoding="utf-8" ?>
<dwsync>
<file name="circle.png" server="www.ili-studios.com//domains/erp.ili-studios.com/public_html/" local="130909279831581645" remote="130919019600000000" Dst="0" />
<file name="days.png" server="www.ili-studios.com//domains/erp.ili-studios.com/public_html/" local="130909279831591654" remote="130919019600000000" Dst="0" />
<file name="hours.png" server="www.ili-studios.com//domains/erp.ili-studios.com/public_html/" local="130909279831651700" remote="130919019600000000" Dst="0" />
<file name="minutes.png" server="www.ili-studios.com//domains/erp.ili-studios.com/public_html/" local="130909279831671718" remote="130919019600000000" Dst="0" />
<file name="seconds.png" server="www.ili-studios.com//domains/erp.ili-studios.com/public_html/" local="130909279831681727" remote="130919019600000000" Dst="0" />
<file name="circle-orange.png" server="www.ili-studios.com//domains/erp.ili-studios.com/public_html/" local="130909279831551614" remote="130919019600000000" Dst="0" />
<file name="circle-green.png" server="www.ili-studios.com//domains/erp.ili-studios.com/public_html/" local="130909279831541597" remote="130919019600000000" Dst="0" />
<file name="circle-red.png" server="www.ili-studios.com//domains/erp.ili-studios.com/public_html/" local="130909279831561627" remote="130919019600000000" Dst="0" />
<file name="circle-blue.png" server="www.ili-studios.com//domains/erp.ili-studios.com/public_html/" local="130909279831531588" remote="130919019600000000" Dst="0" />
<file name="1.png" server="www.ili-studios.com//domains/erp.ili-studios.com/public_html/" local="130909279830881003" remote="130919019600000000" Dst="0" />
<file name="2.png" server="www.ili-studios.com//domains/erp.ili-studios.com/public_html/" local="130909279830911051" remote="130919019600000000" Dst="0" />
<file name="3.png" server="www.ili-studios.com//domains/erp.ili-studios.com/public_html/" local="130909279830921047" remote="130919019600000000" Dst="0" />
<file name="4.png" server="www.ili-studios.com//domains/erp.ili-studios.com/public_html/" local="130909279830931065" remote="130919019600000000" Dst="0" />
<file name="5.png" server="www.ili-studios.com//domains/erp.ili-studios.com/public_html/" local="130909279830951079" remote="130919019600000000" Dst="0" />
<file name="6.png" server="www.ili-studios.com//domains/erp.ili-studios.com/public_html/" local="130909279830971101" remote="130919019600000000" Dst="0" />
<file name="7.png" server="www.ili-studios.com//domains/erp.ili-studios.com/public_html/" local="130909279830981101" remote="130919019600000000" Dst="0" />
<file name="8.png" server="www.ili-studios.com//domains/erp.ili-studios.com/public_html/" local="130909279831001115" remote="130919019600000000" Dst="0" />
<file name="9.png" server="www.ili-studios.com//domains/erp.ili-studios.com/public_html/" local="130909279831011137" remote="130919019600000000" Dst="0" />
<file name="0.png" server="www.ili-studios.com//domains/erp.ili-studios.com/public_html/" local="130909279830870994" remote="130919019600000000" Dst="0" />
<file name="footer-saw.png" server="www.ili-studios.com//domains/erp.ili-studios.com/public_html/" local="130909279831641686" remote="130919019600000000" Dst="0" />
<file name="footer-face.png" server="www.ili-studios.com//domains/erp.ili-studios.com/public_html/" local="130909279831621694" remote="130919019600000000" Dst="0" />
<file name="footer-frame.png" server="www.ili-studios.com//domains/erp.ili-studios.com/public_html/" local="130909279831631677" remote="130919019600000000" Dst="0" />
<file name="twitter.png" server="www.ili-studios.com//domains/erp.ili-studios.com/public_html/" local="130909279832132131" remote="130919019600000000" Dst="0" />
<file name="follow-me.png" server="www.ili-studios.com//domains/erp.ili-studios.com/public_html/" local="130909279831601659" remote="130919019600000000" Dst="0" />
<file name="circle.png" server="www.hebergili.com//public_html/" local="130909279831581645" remote="130927728600000000" Dst="0" />
<file name="days.png" server="www.hebergili.com//public_html/" local="130909279831591654" remote="130927728600000000" Dst="0" />
<file name="hours.png" server="www.hebergili.com//public_html/" local="130909279831651700" remote="130927728600000000" Dst="0" />
<file name="minutes.png" server="www.hebergili.com//public_html/" local="130909279831671718" remote="130927728600000000" Dst="0" />
<file name="seconds.png" server="www.hebergili.com//public_html/" local="130909279831681727" remote="130927728600000000" Dst="0" />
<file name="circle-orange.png" server="www.hebergili.com//public_html/" local="130909279831551614" remote="130927728600000000" Dst="0" />
<file name="circle-green.png" server="www.hebergili.com//public_html/" local="130909279831541597" remote="130927728600000000" Dst="0" />
<file name="circle-red.png" server="www.hebergili.com//public_html/" local="130909279831561627" remote="130927728600000000" Dst="0" />
<file name="circle-blue.png" server="www.hebergili.com//public_html/" local="130909279831531588" remote="130927728600000000" Dst="0" />
<file name="1.png" server="www.hebergili.com//public_html/" local="130909279830881003" remote="130927728600000000" Dst="0" />
<file name="2.png" server="www.hebergili.com//public_html/" local="130909279830911051" remote="130927728600000000" Dst="0" />
<file name="3.png" server="www.hebergili.com//public_html/" local="130909279830921047" remote="130927728600000000" Dst="0" />
<file name="4.png" server="www.hebergili.com//public_html/" local="130909279830931065" remote="130927728600000000" Dst="0" />
<file name="5.png" server="www.hebergili.com//public_html/" local="130909279830951079" remote="130927728600000000" Dst="0" />
<file name="6.png" server="www.hebergili.com//public_html/" local="130909279830971101" remote="130927728600000000" Dst="0" />
<file name="7.png" server="www.hebergili.com//public_html/" local="130909279830981101" remote="130927728600000000" Dst="0" />
<file name="8.png" server="www.hebergili.com//public_html/" local="130909279831001115" remote="130927728600000000" Dst="0" />
<file name="9.png" server="www.hebergili.com//public_html/" local="130909279831011137" remote="130927728600000000" Dst="0" />
<file name="0.png" server="www.hebergili.com//public_html/" local="130909279830870994" remote="130927728600000000" Dst="0" />
<file name="footer-saw.png" server="www.hebergili.com//public_html/" local="130909279831641686" remote="130927728600000000" Dst="0" />
<file name="footer-face.png" server="www.hebergili.com//public_html/" local="130909279831621694" remote="130927728600000000" Dst="0" />
<file name="footer-frame.png" server="www.hebergili.com//public_html/" local="130909279831631677" remote="130927728600000000" Dst="0" />
<file name="twitter.png" server="www.hebergili.com//public_html/" local="130909279832132131" remote="130927728600000000" Dst="0" />
<file name="follow-me.png" server="www.hebergili.com//public_html/" local="130909279831601659" remote="130927728600000000" Dst="0" />
<file name="circle.png" server="erp.ili-studios.com/public_html/" local="130936197613889212" remote="130945722600000000" Dst="0" />
<file name="days.png" server="erp.ili-studios.com/public_html/" local="130936197613929231" remote="130945722600000000" Dst="0" />
<file name="hours.png" server="erp.ili-studios.com/public_html/" local="130936197614409671" remote="130945722600000000" Dst="0" />
<file name="minutes.png" server="erp.ili-studios.com/public_html/" local="130936197614619856" remote="130945722600000000" Dst="0" />
<file name="seconds.png" server="erp.ili-studios.com/public_html/" local="130936197614629869" remote="130945722600000000" Dst="0" />
<file name="circle-orange.png" server="erp.ili-studios.com/public_html/" local="130936197613839150" remote="130945722600000000" Dst="0" />
<file name="circle-green.png" server="erp.ili-studios.com/public_html/" local="130936197613829150" remote="130945722600000000" Dst="0" />
<file name="circle-red.png" server="erp.ili-studios.com/public_html/" local="130936197613869173" remote="130945722600000000" Dst="0" />
<file name="circle-blue.png" server="erp.ili-studios.com/public_html/" local="130936197613799114" remote="130945722600000000" Dst="0" />
<file name="1.png" server="erp.ili-studios.com/public_html/" local="130936197608994814" remote="130945722600000000" Dst="0" />
<file name="2.png" server="erp.ili-studios.com/public_html/" local="130936197609004814" remote="130945722600000000" Dst="0" />
<file name="3.png" server="erp.ili-studios.com/public_html/" local="130936197609014819" remote="130945722600000000" Dst="0" />
<file name="4.png" server="erp.ili-studios.com/public_html/" local="130936197609024836" remote="130945722600000000" Dst="0" />
<file name="5.png" server="erp.ili-studios.com/public_html/" local="130936197609034841" remote="130945722600000000" Dst="0" />
<file name="6.png" server="erp.ili-studios.com/public_html/" local="130936197609034841" remote="130945722600000000" Dst="0" />
<file name="7.png" server="erp.ili-studios.com/public_html/" local="130936197609054868" remote="130945722600000000" Dst="0" />
<file name="8.png" server="erp.ili-studios.com/public_html/" local="130936197609064864" remote="130945722600000000" Dst="0" />
<file name="9.png" server="erp.ili-studios.com/public_html/" local="130936197609074873" remote="130945722600000000" Dst="0" />
<file name="0.png" server="erp.ili-studios.com/public_html/" local="130936197608984805" remote="130945722600000000" Dst="0" />
<file name="footer-saw.png" server="erp.ili-studios.com/public_html/" local="130936197614389649" remote="130945722600000000" Dst="0" />
<file name="footer-face.png" server="erp.ili-studios.com/public_html/" local="130936197614369627" remote="130945722600000000" Dst="0" />
<file name="footer-frame.png" server="erp.ili-studios.com/public_html/" local="130936197614379657" remote="130945722600000000" Dst="0" />
<file name="twitter.png" server="erp.ili-studios.com/public_html/" local="130936197614900116" remote="130945722600000000" Dst="0" />
<file name="follow-me.png" server="erp.ili-studios.com/public_html/" local="130936197613939249" remote="130945722600000000" Dst="0" />
<file name="circle.png" server="erp-aa-v1.ili-studios.tn//public_html/" local="130936197613889212" remote="131057284200000000" Dst="0" />
<file name="days.png" server="erp-aa-v1.ili-studios.tn//public_html/" local="130936197613929231" remote="131057284200000000" Dst="0" />
<file name="hours.png" server="erp-aa-v1.ili-studios.tn//public_html/" local="130936197614409671" remote="131057284200000000" Dst="0" />
<file name="minutes.png" server="erp-aa-v1.ili-studios.tn//public_html/" local="130936197614619856" remote="131057284200000000" Dst="0" />
<file name="seconds.png" server="erp-aa-v1.ili-studios.tn//public_html/" local="130936197614629869" remote="131057284200000000" Dst="0" />
<file name="circle-orange.png" server="erp-aa-v1.ili-studios.tn//public_html/" local="130936197613839150" remote="131057284200000000" Dst="0" />
<file name="circle-green.png" server="erp-aa-v1.ili-studios.tn//public_html/" local="130936197613829150" remote="131057284200000000" Dst="0" />
<file name="circle-blue.png" server="erp-aa-v1.ili-studios.tn//public_html/" local="130936197613799114" remote="131057284200000000" Dst="0" />
<file name="circle-red.png" server="erp-aa-v1.ili-studios.tn//public_html/" local="130936197613869173" remote="131057284200000000" Dst="0" />
<file name="1.png" server="erp-aa-v1.ili-studios.tn//public_html/" local="130936197608994814" remote="131057284200000000" Dst="0" />
<file name="2.png" server="erp-aa-v1.ili-studios.tn//public_html/" local="130936197609004814" remote="131057284200000000" Dst="0" />
<file name="3.png" server="erp-aa-v1.ili-studios.tn//public_html/" local="130936197609014819" remote="131057284200000000" Dst="0" />
<file name="4.png" server="erp-aa-v1.ili-studios.tn//public_html/" local="130936197609024836" remote="131057284200000000" Dst="0" />
<file name="5.png" server="erp-aa-v1.ili-studios.tn//public_html/" local="130936197609034841" remote="131057284200000000" Dst="0" />
<file name="6.png" server="erp-aa-v1.ili-studios.tn//public_html/" local="130936197609034841" remote="131057284200000000" Dst="0" />
<file name="7.png" server="erp-aa-v1.ili-studios.tn//public_html/" local="130936197609054868" remote="131057284200000000" Dst="0" />
<file name="8.png" server="erp-aa-v1.ili-studios.tn//public_html/" local="130936197609064864" remote="131057284200000000" Dst="0" />
<file name="9.png" server="erp-aa-v1.ili-studios.tn//public_html/" local="130936197609074873" remote="131057284200000000" Dst="0" />
<file name="0.png" server="erp-aa-v1.ili-studios.tn//public_html/" local="130936197608984805" remote="131057284200000000" Dst="0" />
<file name="footer-saw.png" server="erp-aa-v1.ili-studios.tn//public_html/" local="130936197614389649" remote="131057284200000000" Dst="0" />
<file name="footer-face.png" server="erp-aa-v1.ili-studios.tn//public_html/" local="130936197614369627" remote="131057284200000000" Dst="0" />
<file name="footer-frame.png" server="erp-aa-v1.ili-studios.tn//public_html/" local="130936197614379657" remote="131057284200000000" Dst="0" />
<file name="twitter.png" server="erp-aa-v1.ili-studios.tn//public_html/" local="130936197614900116" remote="131057284200000000" Dst="0" />
<file name="follow-me.png" server="erp-aa-v1.ili-studios.tn//public_html/" local="130936197613939249" remote="131057284200000000" Dst="0" />
<file name="circle.png" server="ili-studios.tn//public_html/projets/iLi-ERP-AA-V1/" local="130936197613889212" remote="131058831600000000" Dst="0" />
<file name="days.png" server="ili-studios.tn//public_html/projets/iLi-ERP-AA-V1/" local="130936197613929231" remote="131058831600000000" Dst="0" />
<file name="hours.png" server="ili-studios.tn//public_html/projets/iLi-ERP-AA-V1/" local="130936197614409671" remote="131058831600000000" Dst="0" />
<file name="minutes.png" server="ili-studios.tn//public_html/projets/iLi-ERP-AA-V1/" local="130936197614619856" remote="131058831600000000" Dst="0" />
<file name="circle-orange.png" server="ili-studios.tn//public_html/projets/iLi-ERP-AA-V1/" local="130936197613839150" remote="131058831600000000" Dst="0" />
<file name="circle-green.png" server="ili-studios.tn//public_html/projets/iLi-ERP-AA-V1/" local="130936197613829150" remote="131058831600000000" Dst="0" />
<file name="seconds.png" server="ili-studios.tn//public_html/projets/iLi-ERP-AA-V1/" local="130936197614629869" remote="131058831600000000" Dst="0" />
<file name="circle-red.png" server="ili-studios.tn//public_html/projets/iLi-ERP-AA-V1/" local="130936197613869173" remote="131058831600000000" Dst="0" />
<file name="circle-blue.png" server="ili-studios.tn//public_html/projets/iLi-ERP-AA-V1/" local="130936197613799114" remote="131058831600000000" Dst="0" />
<file name="1.png" server="ili-studios.tn//public_html/projets/iLi-ERP-AA-V1/" local="130936197608994814" remote="131058831600000000" Dst="0" />
<file name="2.png" server="ili-studios.tn//public_html/projets/iLi-ERP-AA-V1/" local="130936197609004814" remote="131058831600000000" Dst="0" />
<file name="3.png" server="ili-studios.tn//public_html/projets/iLi-ERP-AA-V1/" local="130936197609014819" remote="131058831600000000" Dst="0" />
<file name="4.png" server="ili-studios.tn//public_html/projets/iLi-ERP-AA-V1/" local="130936197609024836" remote="131058831600000000" Dst="0" />
<file name="5.png" server="ili-studios.tn//public_html/projets/iLi-ERP-AA-V1/" local="130936197609034841" remote="131058831600000000" Dst="0" />
<file name="6.png" server="ili-studios.tn//public_html/projets/iLi-ERP-AA-V1/" local="130936197609034841" remote="131058831600000000" Dst="0" />
<file name="7.png" server="ili-studios.tn//public_html/projets/iLi-ERP-AA-V1/" local="130936197609054868" remote="131058831600000000" Dst="0" />
<file name="8.png" server="ili-studios.tn//public_html/projets/iLi-ERP-AA-V1/" local="130936197609064864" remote="131058831600000000" Dst="0" />
<file name="9.png" server="ili-studios.tn//public_html/projets/iLi-ERP-AA-V1/" local="130936197609074873" remote="131058831600000000" Dst="0" />
<file name="0.png" server="ili-studios.tn//public_html/projets/iLi-ERP-AA-V1/" local="130936197608984805" remote="131058831600000000" Dst="0" />
<file name="footer-saw.png" server="ili-studios.tn//public_html/projets/iLi-ERP-AA-V1/" local="130936197614389649" remote="131058831600000000" Dst="0" />
<file name="footer-face.png" server="ili-studios.tn//public_html/projets/iLi-ERP-AA-V1/" local="130936197614369627" remote="131058831600000000" Dst="0" />
<file name="footer-frame.png" server="ili-studios.tn//public_html/projets/iLi-ERP-AA-V1/" local="130936197614379657" remote="131058831600000000" Dst="0" />
<file name="twitter.png" server="ili-studios.tn//public_html/projets/iLi-ERP-AA-V1/" local="130936197614900116" remote="131058831600000000" Dst="0" />
<file name="follow-me.png" server="ili-studios.tn//public_html/projets/iLi-ERP-AA-V1/" local="130936197613939249" remote="131058831600000000" Dst="0" />
<file name="days.png" server="ili-manager-1.0.ili-studios.tn//public_html/" local="130936197613929231" remote="131082422400000000" Dst="0" />
<file name="hours.png" server="ili-manager-1.0.ili-studios.tn//public_html/" local="130936197614409671" remote="131082422400000000" Dst="0" />
<file name="circle.png" server="ili-manager-1.0.ili-studios.tn//public_html/" local="130936197613889212" remote="131082422400000000" Dst="0" />
<file name="seconds.png" server="ili-manager-1.0.ili-studios.tn//public_html/" local="130936197614629869" remote="131082422400000000" Dst="0" />
<file name="circle-orange.png" server="ili-manager-1.0.ili-studios.tn//public_html/" local="130936197613839150" remote="131082422400000000" Dst="0" />
<file name="minutes.png" server="ili-manager-1.0.ili-studios.tn//public_html/" local="130936197614619856" remote="131082422400000000" Dst="0" />
<file name="circle-green.png" server="ili-manager-1.0.ili-studios.tn//public_html/" local="130936197613829150" remote="131082422400000000" Dst="0" />
<file name="circle-red.png" server="ili-manager-1.0.ili-studios.tn//public_html/" local="130936197613869173" remote="131082422400000000" Dst="0" />
<file name="circle-blue.png" server="ili-manager-1.0.ili-studios.tn//public_html/" local="130936197613799114" remote="131082422400000000" Dst="0" />
<file name="3.png" server="ili-manager-1.0.ili-studios.tn//public_html/" local="130936197609014819" remote="131082422400000000" Dst="0" />
<file name="1.png" server="ili-manager-1.0.ili-studios.tn//public_html/" local="130936197608994814" remote="131082422400000000" Dst="0" />
<file name="2.png" server="ili-manager-1.0.ili-studios.tn//public_html/" local="130936197609004814" remote="131082422400000000" Dst="0" />
<file name="6.png" server="ili-manager-1.0.ili-studios.tn//public_html/" local="130936197609034841" remote="131082422400000000" Dst="0" />
<file name="4.png" server="ili-manager-1.0.ili-studios.tn//public_html/" local="130936197609024836" remote="131082422400000000" Dst="0" />
<file name="5.png" server="ili-manager-1.0.ili-studios.tn//public_html/" local="130936197609034841" remote="131082422400000000" Dst="0" />
<file name="7.png" server="ili-manager-1.0.ili-studios.tn//public_html/" local="130936197609054868" remote="131082422400000000" Dst="0" />
<file name="8.png" server="ili-manager-1.0.ili-studios.tn//public_html/" local="130936197609064864" remote="131082422400000000" Dst="0" />
<file name="9.png" server="ili-manager-1.0.ili-studios.tn//public_html/" local="130936197609074873" remote="131082422400000000" Dst="0" />
<file name="0.png" server="ili-manager-1.0.ili-studios.tn//public_html/" local="130936197608984805" remote="131082422400000000" Dst="0" />
<file name="footer-saw.png" server="ili-manager-1.0.ili-studios.tn//public_html/" local="130936197614389649" remote="131082422400000000" Dst="0" />
<file name="footer-face.png" server="ili-manager-1.0.ili-studios.tn//public_html/" local="130936197614369627" remote="131082422400000000" Dst="0" />
<file name="twitter.png" server="ili-manager-1.0.ili-studios.tn//public_html/" local="130936197614900116" remote="131082422400000000" Dst="0" />
<file name="follow-me.png" server="ili-manager-1.0.ili-studios.tn//public_html/" local="130936197613939249" remote="131082422400000000" Dst="0" />
<file name="footer-frame.png" server="ili-manager-1.0.ili-studios.tn//public_html/" local="130936197614379657" remote="131082422400000000" Dst="0" />
</dwsync>