<?xml version="1.0" encoding="utf-8" ?>
<dwsync>
<file name="bootstrap.min.js" server="www.ili-studios.com//domains/erp.ili-studios.com/public_html/" local="130909279804457251" remote="130919014800000000" Dst="0" />
<file name="bootstrap-fileupload.js" server="www.ili-studios.com//domains/erp.ili-studios.com/public_html/" local="130909279804156998" remote="130919014800000000" Dst="0" />
<file name="bootstrap.js" server="www.ili-studios.com//domains/erp.ili-studios.com/public_html/" local="130909279804307112" remote="130919016000000000" Dst="0" />
<file name="bootstrap.min.js" server="www.hebergili.com//public_html/" local="130909279804457251" remote="130927725600000000" Dst="0" />
<file name="bootstrap-fileupload.js" server="www.hebergili.com//public_html/" local="130909279804156998" remote="130927725600000000" Dst="0" />
<file name="bootstrap.js" server="www.hebergili.com//public_html/" local="130909279804307112" remote="130927726800000000" Dst="0" />
<file name="bootstrap.min.js" server="erp.ili-studios.com/public_html/" local="130936197531577932" remote="130945720800000000" Dst="0" />
<file name="bootstrap-fileupload.js" server="erp.ili-studios.com/public_html/" local="130936197531017429" remote="130945720800000000" Dst="0" />
<file name="bootstrap.js" server="erp.ili-studios.com/public_html/" local="130936197531187577" remote="130945721400000000" Dst="0" />
<file name="bootstrap.min.js" server="erp-aa-v1.ili-studios.tn//public_html/" local="130936197531577932" remote="131057280600000000" Dst="0" />
<file name="bootstrap-fileupload.js" server="erp-aa-v1.ili-studios.tn//public_html/" local="131006126131385084" remote="131057281200000000" Dst="0" />
<file name="bootstrap.js" server="erp-aa-v1.ili-studios.tn//public_html/" local="131006126131555811" remote="131057281800000000" Dst="0" />
<file name="bootstrap.min.js" server="ili-studios.tn//public_html/projets/iLi-ERP-AA-V1/" local="130936197531577932" remote="131082373200000000" Dst="0" />
<file name="bootstrap-fileupload.js" server="ili-studios.tn//public_html/projets/iLi-ERP-AA-V1/" local="131006126131385084" remote="131058828600000000" Dst="0" />
<file name="bootstrap.js" server="ili-studios.tn//public_html/projets/iLi-ERP-AA-V1/" local="131006126131555811" remote="131058828600000000" Dst="0" />
</dwsync>