<?xml version="1.0" encoding="utf-8" ?>
<dwsync>
<file name="LICENSE-2.0.txt" server="www.ili-studios.com//domains/erp.ili-studios.com/public_html/" local="130909279830140346" remote="130919019600000000" Dst="0" />
<file name="OpenSans-CondLight.ttf" server="www.ili-studios.com//domains/erp.ili-studios.com/public_html/" local="130909279830260458" remote="130919019600000000" Dst="0" />
<file name="LICENSE-2.0.txt" server="www.hebergili.com//public_html/" local="130909279830140346" remote="130927728600000000" Dst="0" />
<file name="OpenSans-CondLight.ttf" server="www.hebergili.com//public_html/" local="130909279830260458" remote="130927728600000000" Dst="0" />
<file name="LICENSE-2.0.txt" server="erp.ili-studios.com/public_html/" local="130936197606212303" remote="130945722600000000" Dst="0" />
<file name="OpenSans-CondLight.ttf" server="erp.ili-studios.com/public_html/" local="130936197606312392" remote="130945722600000000" Dst="0" />
<file name="LICENSE-2.0.txt" server="erp-aa-v1.ili-studios.tn//public_html/" local="130936197606212303" remote="131057284200000000" Dst="0" />
<file name="OpenSans-CondLight.ttf" server="erp-aa-v1.ili-studios.tn//public_html/" local="130936197606312392" remote="131057284200000000" Dst="0" />
<file name="LICENSE-2.0.txt" server="ili-studios.tn//public_html/projets/iLi-ERP-AA-V1/" local="130936197606212303" remote="131058831600000000" Dst="0" />
<file name="OpenSans-CondLight.ttf" server="ili-studios.tn//public_html/projets/iLi-ERP-AA-V1/" local="130936197606312392" remote="131058831600000000" Dst="0" />
<file name="LICENSE-2.0.txt" server="ili-manager-1.0.ili-studios.tn//public_html/" local="130936197606212303" remote="131082422400000000" Dst="0" />
<file name="OpenSans-CondLight.ttf" server="ili-manager-1.0.ili-studios.tn//public_html/" local="130936197606312392" remote="131082423000000000" Dst="0" />
</dwsync>