<?xml version="1.0" encoding="utf-8" ?>
<dwsync>
<file name="index.html" server="www.hebergili.com//public_html/" local="130924251145843920" remote="130927726200000000" Dst="0" />
<file name="index.html" server="erp.ili-studios.com/public_html/" local="130936197494844314" remote="130945720800000000" Dst="0" />
<file name="decaissement.php" server="erp-aa-v1.ili-studios.tn//public_html/" local="131057132410000000" remote="131057286000000000" Dst="0" />
<file name="echeancier.php" server="erp-aa-v1.ili-studios.tn//public_html/" local="131056546666057046" remote="131057286000000000" Dst="0" />
<file name="index.html" server="erp-aa-v1.ili-studios.tn//public_html/" local="130936197494844314" remote="131057286000000000" Dst="0" />
<file name="journal.php" server="erp-aa-v1.ili-studios.tn//public_html/" local="131056551404612219" remote="131057286000000000" Dst="0" />
<file name="decaissement.php" server="ili-studios.tn//public_html/projets/iLi-ERP-AA-V1/" local="131057132410000000" remote="131058834600000000" Dst="0" />
<file name="echeancier.php" server="ili-studios.tn//public_html/projets/iLi-ERP-AA-V1/" local="131056546666057046" remote="131058834600000000" Dst="0" />
<file name="journal.php" server="ili-studios.tn//public_html/projets/iLi-ERP-AA-V1/" local="131056551404612219" remote="131058834600000000" Dst="0" />
<file name="index.html" server="ili-studios.tn//public_html/projets/iLi-ERP-AA-V1/" local="130936197494844314" remote="131058834600000000" Dst="0" />
<file name="echeancier.php" server="ili-manager-1.0.ili-studios.tn//public_html/" local="131084770631713408" remote="131084734200000000" Dst="0" />
</dwsync>