<?xml version="1.0" encoding="utf-8" ?>
<dwsync>
<file name="Monda-Bold.ttf" server="www.ili-studios.com//domains/erp.ili-studios.com/public_html/" local="130909279829920139" remote="130919019600000000" Dst="0" />
<file name="OFL.txt" server="www.ili-studios.com//domains/erp.ili-studios.com/public_html/" local="130909279830030251" remote="130919019600000000" Dst="0" />
<file name="Monda-Regular.ttf" server="www.ili-studios.com//domains/erp.ili-studios.com/public_html/" local="130909279829990219" remote="130919019600000000" Dst="0" />
<file name="Monda-Bold.ttf" server="www.hebergili.com//public_html/" local="130909279829920139" remote="130927728600000000" Dst="0" />
<file name="Monda-Regular.ttf" server="www.hebergili.com//public_html/" local="130909279829990219" remote="130927728600000000" Dst="0" />
<file name="OFL.txt" server="www.hebergili.com//public_html/" local="130909279830030251" remote="130927728600000000" Dst="0" />
<file name="Monda-Regular.ttf" server="erp.ili-studios.com/public_html/" local="130936197606032137" remote="130945722600000000" Dst="0" />
<file name="Monda-Bold.ttf" server="erp.ili-studios.com/public_html/" local="130936197605972087" remote="130945722600000000" Dst="0" />
<file name="OFL.txt" server="erp.ili-studios.com/public_html/" local="130936197606072190" remote="130945722600000000" Dst="0" />
<file name="Monda-Bold.ttf" server="erp-aa-v1.ili-studios.tn//public_html/" local="130936197605972087" remote="131057284200000000" Dst="0" />
<file name="Monda-Regular.ttf" server="erp-aa-v1.ili-studios.tn//public_html/" local="130936197606032137" remote="131057284200000000" Dst="0" />
<file name="OFL.txt" server="erp-aa-v1.ili-studios.tn//public_html/" local="130936197606072190" remote="131057284200000000" Dst="0" />
<file name="Monda-Regular.ttf" server="ili-studios.tn//public_html/projets/iLi-ERP-AA-V1/" local="130936197606032137" remote="131058831600000000" Dst="0" />
<file name="Monda-Bold.ttf" server="ili-studios.tn//public_html/projets/iLi-ERP-AA-V1/" local="130936197605972087" remote="131058831600000000" Dst="0" />
<file name="OFL.txt" server="ili-studios.tn//public_html/projets/iLi-ERP-AA-V1/" local="130936197606072190" remote="131058831600000000" Dst="0" />
<file name="Monda-Bold.ttf" server="ili-manager-1.0.ili-studios.tn//public_html/" local="130936197605972087" remote="131082422400000000" Dst="0" />
<file name="Monda-Regular.ttf" server="ili-manager-1.0.ili-studios.tn//public_html/" local="130936197606032137" remote="131082422400000000" Dst="0" />
<file name="OFL.txt" server="ili-manager-1.0.ili-studios.tn//public_html/" local="130936197606072190" remote="131082422400000000" Dst="0" />
</dwsync>