<?xml version="1.0" encoding="utf-8" ?>
<dwsync>
<file name="LICENSE" server="www.ili-studios.com//domains/erp.ili-studios.com/public_html/" local="130909279799372681" remote="130919016600000000" Dst="0" />
<file name="README.md" server="www.ili-studios.com//domains/erp.ili-studios.com/public_html/" local="130909279799422735" remote="130919016600000000" Dst="0" />
<file name="LICENSE" server="www.hebergili.com//public_html/" local="130909279799372681" remote="130927726800000000" Dst="0" />
<file name="README.md" server="www.hebergili.com//public_html/" local="130909279799422735" remote="130927726800000000" Dst="0" />
<file name="LICENSE" server="erp.ili-studios.com/public_html/" local="130936197513892074" remote="130945721400000000" Dst="0" />
<file name="README.md" server="erp.ili-studios.com/public_html/" local="130936197513962124" remote="130945721400000000" Dst="0" />
<file name="LICENSE" server="erp-aa-v1.ili-studios.tn//public_html/" local="130936197513892074" remote="131057282400000000" Dst="0" />
<file name="README.md" server="erp-aa-v1.ili-studios.tn//public_html/" local="130936197513962124" remote="131057282400000000" Dst="0" />
<file name="LICENSE" server="ili-studios.tn//public_html/projets/iLi-ERP-AA-V1/" local="130936197513892074" remote="131058829200000000" Dst="0" />
<file name="README.md" server="ili-studios.tn//public_html/projets/iLi-ERP-AA-V1/" local="130936197513962124" remote="131058829200000000" Dst="0" />
</dwsync>