<?xml version="1.0" encoding="utf-8" ?>
<dwsync>
<file name="chosen.jquery.min.js" server="www.ili-studios.com//domains/erp.ili-studios.com/public_html/" local="130909279804977744" remote="130919014800000000" Dst="0" />
<file name="chosen-sprite.png" server="www.ili-studios.com//domains/erp.ili-studios.com/public_html/" local="130909279804687462" remote="130919015400000000" Dst="0" />
<file name="chosen.css" server="www.ili-studios.com//domains/erp.ili-studios.com/public_html/" local="130909279804737499" remote="130919015400000000" Dst="0" />
<file name="chosen.jquery.js" server="www.ili-studios.com//domains/erp.ili-studios.com/public_html/" local="130909279804857615" remote="130919017200000000" Dst="0" />
<file name="chosen.proto.js" server="www.ili-studios.com//domains/erp.ili-studios.com/public_html/" local="130909279805087835" remote="130919017200000000" Dst="0" />
<file name="chosen.proto.min.js" server="www.ili-studios.com//domains/erp.ili-studios.com/public_html/" local="130909279808190611" remote="130919017200000000" Dst="0" />
<file name="chosen.jquery.min.js" server="www.hebergili.com//public_html/" local="130909279804977744" remote="130927725600000000" Dst="0" />
<file name="chosen-sprite.png" server="www.hebergili.com//public_html/" local="130909279804687462" remote="130927726200000000" Dst="0" />
<file name="chosen.css" server="www.hebergili.com//public_html/" local="130909279804737499" remote="130927726200000000" Dst="0" />
<file name="chosen.jquery.js" server="www.hebergili.com//public_html/" local="130909279804857615" remote="130927727400000000" Dst="0" />
<file name="chosen.proto.min.js" server="www.hebergili.com//public_html/" local="130909279808190611" remote="130927727400000000" Dst="0" />
<file name="chosen.proto.js" server="www.hebergili.com//public_html/" local="130909279805087835" remote="130927727400000000" Dst="0" />
<file name="chosen.jquery.min.js" server="erp.ili-studios.com/public_html/" local="130936197534860875" remote="130945720800000000" Dst="0" />
<file name="chosen-sprite.png" server="erp.ili-studios.com/public_html/" local="130936197534200295" remote="130945720800000000" Dst="0" />
<file name="chosen.css" server="erp.ili-studios.com/public_html/" local="130936197534550597" remote="130945720800000000" Dst="0" />
<file name="chosen.jquery.js" server="erp.ili-studios.com/public_html/" local="130936197534700736" remote="130945721400000000" Dst="0" />
<file name="chosen.proto.min.js" server="erp.ili-studios.com/public_html/" local="130936197535351329" remote="130945721400000000" Dst="0" />
<file name="chosen.proto.js" server="erp.ili-studios.com/public_html/" local="130936197535011023" remote="130945721400000000" Dst="0" />
<file name="chosen-sprite.png" server="erp-aa-v1.ili-studios.tn//public_html/" local="130936197534200295" remote="131057281200000000" Dst="0" />
<file name="chosen.css" server="erp-aa-v1.ili-studios.tn//public_html/" local="130936197534550597" remote="131057281200000000" Dst="0" />
<file name="chosen.jquery.min.js" server="erp-aa-v1.ili-studios.tn//public_html/" local="131006126141199682" remote="131057281200000000" Dst="0" />
<file name="chosen.jquery.js" server="erp-aa-v1.ili-studios.tn//public_html/" local="131006126140977705" remote="131057282400000000" Dst="0" />
<file name="chosen.proto.min.js" server="erp-aa-v1.ili-studios.tn//public_html/" local="131006126141669041" remote="131057282400000000" Dst="0" />
<file name="chosen.proto.js" server="erp-aa-v1.ili-studios.tn//public_html/" local="131006126141512211" remote="131057282400000000" Dst="0" />
<file name="chosen.css" server="ili-studios.tn//public_html/projets/iLi-ERP-AA-V1/" local="130936197534550597" remote="131058828000000000" Dst="0" />
<file name="chosen-sprite.png" server="ili-studios.tn//public_html/projets/iLi-ERP-AA-V1/" local="130936197534200295" remote="131058828000000000" Dst="0" />
<file name="chosen.jquery.min.js" server="ili-studios.tn//public_html/projets/iLi-ERP-AA-V1/" local="131006126141199682" remote="131058828600000000" Dst="0" />
<file name="chosen.jquery.js" server="ili-studios.tn//public_html/projets/iLi-ERP-AA-V1/" local="131006126140977705" remote="131058829800000000" Dst="0" />
<file name="chosen.proto.min.js" server="ili-studios.tn//public_html/projets/iLi-ERP-AA-V1/" local="131006126141669041" remote="131058829800000000" Dst="0" />
<file name="chosen.proto.js" server="ili-studios.tn//public_html/projets/iLi-ERP-AA-V1/" local="131006126141512211" remote="131058829800000000" Dst="0" />
</dwsync>