<?xml version="1.0" encoding="utf-8" ?>
<dwsync>
<file name="bootstrap.min.css" server="www.ili-studios.com//domains/erp.ili-studios.com/public_html/" local="130909279804046895" remote="130919013600000000" Dst="0" />
<file name="bootstrap-responsive.min.css" server="www.ili-studios.com//domains/erp.ili-studios.com/public_html/" local="130909279803946797" remote="130919013600000000" Dst="0" />
<file name="bootstrap-fileupload.css" server="www.ili-studios.com//domains/erp.ili-studios.com/public_html/" local="130909279803836698" remote="130919015400000000" Dst="0" />
<file name="bootstrap-responsive.css" server="www.ili-studios.com//domains/erp.ili-studios.com/public_html/" local="130909279803886734" remote="130919016000000000" Dst="0" />
<file name="bootstrap.css" server="www.ili-studios.com//domains/erp.ili-studios.com/public_html/" local="130909279804006851" remote="130919016000000000" Dst="0" />
<file name="bootstrap.min.css" server="www.hebergili.com//public_html/" local="130909279804046895" remote="130927725000000000" Dst="0" />
<file name="bootstrap-responsive.min.css" server="www.hebergili.com//public_html/" local="130909279803946797" remote="130927725000000000" Dst="0" />
<file name="bootstrap-fileupload.css" server="www.hebergili.com//public_html/" local="130909279803836698" remote="130927726200000000" Dst="0" />
<file name="bootstrap-responsive.css" server="www.hebergili.com//public_html/" local="130909279803886734" remote="130927726800000000" Dst="0" />
<file name="bootstrap.css" server="www.hebergili.com//public_html/" local="130909279804006851" remote="130927726800000000" Dst="0" />
<file name="bootstrap.min.css" server="erp.ili-studios.com/public_html/" local="130936197530076584" remote="130945720800000000" Dst="0" />
<file name="bootstrap-responsive.min.css" server="erp.ili-studios.com/public_html/" local="130936197529926445" remote="130945720800000000" Dst="0" />
<file name="bootstrap-fileupload.css" server="erp.ili-studios.com/public_html/" local="130936197529806341" remote="130945720800000000" Dst="0" />
<file name="bootstrap-responsive.css" server="erp.ili-studios.com/public_html/" local="130936197529866395" remote="130945721400000000" Dst="0" />
<file name="bootstrap.css" server="erp.ili-studios.com/public_html/" local="130936197529996512" remote="130945721400000000" Dst="0" />
<file name="bootstrap.min.css" server="erp-aa-v1.ili-studios.tn//public_html/" local="130936197530076584" remote="131057280600000000" Dst="0" />
<file name="bootstrap-responsive.min.css" server="erp-aa-v1.ili-studios.tn//public_html/" local="130936197529926445" remote="131057280600000000" Dst="0" />
<file name="bootstrap-fileupload.css" server="erp-aa-v1.ili-studios.tn//public_html/" local="130936197529806341" remote="131057281200000000" Dst="0" />
<file name="bootstrap-responsive.css" server="erp-aa-v1.ili-studios.tn//public_html/" local="130936197529866395" remote="131057281800000000" Dst="0" />
<file name="bootstrap.css" server="erp-aa-v1.ili-studios.tn//public_html/" local="130936197529996512" remote="131057281800000000" Dst="0" />
<file name="bootstrap.min.css" server="ili-studios.tn//public_html/projets/iLi-ERP-AA-V1/" local="130936197530076584" remote="131082373200000000" Dst="0" />
<file name="bootstrap-responsive.min.css" server="ili-studios.tn//public_html/projets/iLi-ERP-AA-V1/" local="130936197529926445" remote="131082363000000000" Dst="0" />
<file name="bootstrap-fileupload.css" server="ili-studios.tn//public_html/projets/iLi-ERP-AA-V1/" local="130936197529806341" remote="131058828000000000" Dst="0" />
<file name="bootstrap-responsive.css" server="ili-studios.tn//public_html/projets/iLi-ERP-AA-V1/" local="130936197529866395" remote="131058828600000000" Dst="0" />
<file name="bootstrap.css" server="ili-studios.tn//public_html/projets/iLi-ERP-AA-V1/" local="130936197529996512" remote="131058828600000000" Dst="0" />
<file name="bootstrap.min.css" server="ili-manager-1.0.ili-studios.tn//public_html/" local="130936197530076584" remote="131082417000000000" Dst="0" />
<file name="bootstrap-responsive.min.css" server="ili-manager-1.0.ili-studios.tn//public_html/" local="130936197529926445" remote="131082417000000000" Dst="0" />
</dwsync>