<?xml version="1.0" encoding="utf-8" ?>
<dwsync>
<file name="glyphicons-halflings-white.png" server="www.ili-studios.com//domains/erp.ili-studios.com/public_html/" local="130909279801484584" remote="130919016600000000" Dst="0" />
<file name="glyphicons-halflings.png" server="www.ili-studios.com//domains/erp.ili-studios.com/public_html/" local="130909279801494623" remote="130919017200000000" Dst="0" />
<file name="glyphicons-halflings.png" server="www.hebergili.com//public_html/" local="130909279801494623" remote="130927727400000000" Dst="0" />
<file name="glyphicons-halflings-white.png" server="www.hebergili.com//public_html/" local="130909279801484584" remote="130927727400000000" Dst="0" />
<file name="glyphicons-halflings.png" server="erp.ili-studios.com/public_html/" local="130936197526413304" remote="130945721400000000" Dst="0" />
<file name="glyphicons-halflings-white.png" server="erp.ili-studios.com/public_html/" local="130936197526403286" remote="130945721400000000" Dst="0" />
<file name="glyphicons-halflings.png" server="erp-aa-v1.ili-studios.tn//public_html/" local="130936197526413304" remote="131057282400000000" Dst="0" />
<file name="glyphicons-halflings-white.png" server="erp-aa-v1.ili-studios.tn//public_html/" local="130936197526403286" remote="131057282400000000" Dst="0" />
<file name="glyphicons-halflings.png" server="ili-studios.tn//public_html/projets/iLi-ERP-AA-V1/" local="130936197526413304" remote="131058829800000000" Dst="0" />
<file name="glyphicons-halflings-white.png" server="ili-studios.tn//public_html/projets/iLi-ERP-AA-V1/" local="130936197526403286" remote="131058829800000000" Dst="0" />
</dwsync>