<?xml version="1.0" encoding="utf-8" ?>
<dwsync>
<file name="bootstrap-wysihtml5.js" server="www.ili-studios.com//domains/erp.ili-studios.com/public_html/" local="130909279803336244" remote="130919014800000000" Dst="0" />
<file name="wysihtml5-0.3.0.js" server="www.ili-studios.com//domains/erp.ili-studios.com/public_html/" local="130911215748190722" remote="130919014800000000" Dst="0" />
<file name="bootstrap-wysihtml5.css" server="www.ili-studios.com//domains/erp.ili-studios.com/public_html/" local="130909279803246167" remote="130919015400000000" Dst="0" />
<file name="bootstrap-wysihtml5.js" server="www.hebergili.com//public_html/" local="130909279803336244" remote="130927725600000000" Dst="0" />
<file name="wysihtml5-0.3.0.js" server="www.hebergili.com//public_html/" local="130911215748190722" remote="130927725600000000" Dst="0" />
<file name="bootstrap-wysihtml5.css" server="www.hebergili.com//public_html/" local="130909279803246167" remote="130927726200000000" Dst="0" />
<file name="bootstrap-wysihtml5.js" server="erp.ili-studios.com/public_html/" local="130936197529225812" remote="130945720800000000" Dst="0" />
<file name="wysihtml5-0.3.0.js" server="erp.ili-studios.com/public_html/" local="130936197529696243" remote="130945720800000000" Dst="0" />
<file name="bootstrap-wysihtml5.css" server="erp.ili-studios.com/public_html/" local="130936197528995605" remote="130945720800000000" Dst="0" />
<file name="bootstrap-wysihtml5.css" server="erp-aa-v1.ili-studios.tn//public_html/" local="130936197528995605" remote="131057281200000000" Dst="0" />
<file name="bootstrap-wysihtml5.js" server="erp-aa-v1.ili-studios.tn//public_html/" local="130992449797869229" remote="131057281200000000" Dst="0" />
<file name="wysihtml5-0.3.0.js" server="erp-aa-v1.ili-studios.tn//public_html/" local="131006126139510140" remote="131057281200000000" Dst="0" />
<file name="bootstrap-wysihtml5.css" server="ili-studios.tn//public_html/projets/iLi-ERP-AA-V1/" local="130936197528995605" remote="131058828000000000" Dst="0" />
<file name="bootstrap-wysihtml5.js" server="ili-studios.tn//public_html/projets/iLi-ERP-AA-V1/" local="130992449797869229" remote="131058828600000000" Dst="0" />
<file name="wysihtml5-0.3.0.js" server="ili-studios.tn//public_html/projets/iLi-ERP-AA-V1/" local="131006126139510140" remote="131058828600000000" Dst="0" />
</dwsync>