<?xml version="1.0" encoding="utf-8" ?>
<dwsync>
<file name="dropzone-amd-module.js" server="www.ili-studios.com//domains/erp.ili-studios.com/public_html/" local="130909279833313184" remote="130919020200000000" Dst="0" />
<file name="dropzone.js" server="www.ili-studios.com//domains/erp.ili-studios.com/public_html/" local="130909279833453310" remote="130919020200000000" Dst="0" />
<file name="upload.php" server="www.ili-studios.com//domains/erp.ili-studios.com/public_html/" local="130909279833493359" remote="130919020200000000" Dst="0" />
<file name="dropzone-amd-module.js" server="www.hebergili.com//public_html/" local="130909279833313184" remote="130927728600000000" Dst="0" />
<file name="dropzone.js" server="www.hebergili.com//public_html/" local="130909279833453310" remote="130927728600000000" Dst="0" />
<file name="upload.php" server="www.hebergili.com//public_html/" local="130909279833493359" remote="130927729200000000" Dst="0" />
<file name="dropzone-amd-module.js" server="erp.ili-studios.com/public_html/" local="130936197618193060" remote="130945722600000000" Dst="0" />
<file name="dropzone.js" server="erp.ili-studios.com/public_html/" local="130936197618353203" remote="130945722600000000" Dst="0" />
<file name="upload.php" server="erp.ili-studios.com/public_html/" local="130936197618473328" remote="130945722600000000" Dst="0" />
<file name="dropzone-amd-module.js" server="erp-aa-v1.ili-studios.tn//public_html/" local="130992449834625582" remote="131057284200000000" Dst="0" />
<file name="dropzone.js" server="erp-aa-v1.ili-studios.tn//public_html/" local="130992449834971440" remote="131057284200000000" Dst="0" />
<file name="upload.php" server="erp-aa-v1.ili-studios.tn//public_html/" local="130936197618473328" remote="131057284200000000" Dst="0" />
<file name="dropzone-amd-module.js" server="ili-studios.tn//public_html/projets/iLi-ERP-AA-V1/" local="130992449834625582" remote="131058831600000000" Dst="0" />
<file name="dropzone.js" server="ili-studios.tn//public_html/projets/iLi-ERP-AA-V1/" local="130992449834971440" remote="131058831600000000" Dst="0" />
<file name="upload.php" server="ili-studios.tn//public_html/projets/iLi-ERP-AA-V1/" local="130936197618473328" remote="131058831600000000" Dst="0" />
<file name="dropzone-amd-module.js" server="ili-manager-1.0.ili-studios.tn//public_html/" local="130992449834625582" remote="131082423000000000" Dst="0" />
<file name="dropzone.js" server="ili-manager-1.0.ili-studios.tn//public_html/" local="130992449834971440" remote="131082423000000000" Dst="0" />
</dwsync>