<?xml version="1.0" encoding="utf-8" ?>
<dwsync>
<file name="hue.png" server="www.ili-studios.com//domains/erp.ili-studios.com/public_html/" local="130909279798071521" remote="130919015400000000" Dst="0" />
<file name="alpha.png" server="www.ili-studios.com//domains/erp.ili-studios.com/public_html/" local="130909279798061512" remote="130919015400000000" Dst="0" />
<file name="saturation.png" server="www.ili-studios.com//domains/erp.ili-studios.com/public_html/" local="130909279798081525" remote="130919015400000000" Dst="0" />
<file name="saturation.png" server="www.hebergili.com//public_html/" local="130909279798081525" remote="130927726200000000" Dst="0" />
<file name="hue.png" server="www.hebergili.com//public_html/" local="130909279798071521" remote="130927726200000000" Dst="0" />
<file name="alpha.png" server="www.hebergili.com//public_html/" local="130909279798061512" remote="130927726200000000" Dst="0" />
<file name="saturation.png" server="erp.ili-studios.com/public_html/" local="130936197509708300" remote="130945720800000000" Dst="0" />
<file name="hue.png" server="erp.ili-studios.com/public_html/" local="130936197509698291" remote="130945720800000000" Dst="0" />
<file name="alpha.png" server="erp.ili-studios.com/public_html/" local="130936197509668260" remote="130945720800000000" Dst="0" />
<file name="hue.png" server="erp-aa-v1.ili-studios.tn//public_html/" local="130936197509698291" remote="131057281200000000" Dst="0" />
<file name="alpha.png" server="erp-aa-v1.ili-studios.tn//public_html/" local="130936197509668260" remote="131057281200000000" Dst="0" />
<file name="saturation.png" server="erp-aa-v1.ili-studios.tn//public_html/" local="130936197509708300" remote="131057281200000000" Dst="0" />
<file name="hue.png" server="ili-studios.tn//public_html/projets/iLi-ERP-AA-V1/" local="130936197509698291" remote="131058828000000000" Dst="0" />
<file name="alpha.png" server="ili-studios.tn//public_html/projets/iLi-ERP-AA-V1/" local="130936197509668260" remote="131058828000000000" Dst="0" />
<file name="saturation.png" server="ili-studios.tn//public_html/projets/iLi-ERP-AA-V1/" local="130936197509708300" remote="131058828000000000" Dst="0" />
</dwsync>