[{
  "text": "Check this Out!",
  "leaf": false,
  "value": "number_8",
  "expanded": false,
  "cls": "folder",
  "id": "root\/number_8",
  "children": [{
    "text": "<i class='icon-share'></i> View Details",
    "leaf": "1",
    "href": "http://themeforest.net/item/admin-lab-responsive-admin-dashboard-template/full_screen_preview/4701827",
    "value": "The Best Admin Theme!",
    "id": "root\/number_8\/best",
    "checked": false
  }]
}, {
  "text": "Purchase admin lab Today!",
  "leaf": "false",
  "value": "number_9",
  "expanded": true,
  "id": "root\/number_9",
  "children": [{
    "text": "Click to Purchase Now!",
    "leaf": true,
    "href": "http://themeforest.net/item/admin-lab-responsive-admin-dashboard-template/full_screen_preview/4701827",
    "value": "Buy admin lab Today!",
    "id": "root\/number_9\/purchase",
    "checked": true
  }]
}]