<?xml version="1.0" encoding="utf-8" ?>
<dwsync>
<file name="sort_asc.png" server="www.ili-studios.com//domains/erp.ili-studios.com/public_html/" local="130909279832432401" remote="130919016000000000" Dst="0" />
<file name="sort_desc.png" server="www.ili-studios.com//domains/erp.ili-studios.com/public_html/" local="130909279832442419" remote="130919016000000000" Dst="0" />
<file name="sort_both.png" server="www.ili-studios.com//domains/erp.ili-studios.com/public_html/" local="130909279832442419" remote="130919016000000000" Dst="0" />
<file name="sort_asc.png" server="www.hebergili.com//public_html/" local="130909279832432401" remote="130927726200000000" Dst="0" />
<file name="sort_desc.png" server="www.hebergili.com//public_html/" local="130909279832442419" remote="130927726200000000" Dst="0" />
<file name="sort_both.png" server="www.hebergili.com//public_html/" local="130909279832442419" remote="130927726200000000" Dst="0" />
<file name="sort_both.png" server="erp.ili-studios.com/public_html/" local="130936197616801832" remote="130945720800000000" Dst="0" />
<file name="sort_asc.png" server="erp.ili-studios.com/public_html/" local="130936197616781797" remote="130945720800000000" Dst="0" />
<file name="sort_desc.png" server="erp.ili-studios.com/public_html/" local="130936197616811832" remote="130945720800000000" Dst="0" />
<file name="sort_asc.png" server="erp-aa-v1.ili-studios.tn//public_html/" local="130936197616781797" remote="131057281200000000" Dst="0" />
<file name="sort_desc.png" server="erp-aa-v1.ili-studios.tn//public_html/" local="130936197616811832" remote="131057281200000000" Dst="0" />
<file name="sort_both.png" server="erp-aa-v1.ili-studios.tn//public_html/" local="130936197616801832" remote="131057281200000000" Dst="0" />
<file name="sort_asc.png" server="ili-studios.tn//public_html/projets/iLi-ERP-AA-V1/" local="130936197616781797" remote="131058828600000000" Dst="0" />
<file name="sort_desc.png" server="ili-studios.tn//public_html/projets/iLi-ERP-AA-V1/" local="130936197616811832" remote="131058828600000000" Dst="0" />
<file name="sort_both.png" server="ili-studios.tn//public_html/projets/iLi-ERP-AA-V1/" local="130936197616801832" remote="131058828600000000" Dst="0" />
</dwsync>