<?xml version="1.0" encoding="utf-8" ?>
<dwsync>
<file name="ckeditor.js" server="www.ili-studios.com//domains/erp.ili-studios.com/public_html/" local="130909279809932171" remote="130919014800000000" Dst="0" />
<file name="build-config.js" server="www.ili-studios.com//domains/erp.ili-studios.com/public_html/" local="130909279808981347" remote="130919017200000000" Dst="0" />
<file name="CHANGES.md" server="www.ili-studios.com//domains/erp.ili-studios.com/public_html/" local="130909279808821211" remote="130919017200000000" Dst="0" />
<file name="contents.css" server="www.ili-studios.com//domains/erp.ili-studios.com/public_html/" local="130909279810022278" remote="130919017200000000" Dst="0" />
<file name="config.js" server="www.ili-studios.com//domains/erp.ili-studios.com/public_html/" local="130909279809982255" remote="130919017200000000" Dst="0" />
<file name="LICENSE.md" server="www.ili-studios.com//domains/erp.ili-studios.com/public_html/" local="130909279808871697" remote="130919017800000000" Dst="0" />
<file name="README.md" server="www.ili-studios.com//domains/erp.ili-studios.com/public_html/" local="130909279808921306" remote="130919018400000000" Dst="0" />
<file name="styles.js" server="www.ili-studios.com//domains/erp.ili-studios.com/public_html/" local="130909279829469730" remote="130919019000000000" Dst="0" />
<file name="ckeditor.js" server="www.hebergili.com//public_html/" local="130909279809932171" remote="130927725600000000" Dst="0" />
<file name="CHANGES.md" server="www.hebergili.com//public_html/" local="130909279808821211" remote="130927727400000000" Dst="0" />
<file name="build-config.js" server="www.hebergili.com//public_html/" local="130909279808981347" remote="130927727400000000" Dst="0" />
<file name="config.js" server="www.hebergili.com//public_html/" local="130909279809982255" remote="130927727400000000" Dst="0" />
<file name="contents.css" server="www.hebergili.com//public_html/" local="130909279810022278" remote="130927727400000000" Dst="0" />
<file name="LICENSE.md" server="www.hebergili.com//public_html/" local="130909279808871697" remote="130927727400000000" Dst="0" />
<file name="README.md" server="www.hebergili.com//public_html/" local="130909279808921306" remote="130927728000000000" Dst="0" />
<file name="styles.js" server="www.hebergili.com//public_html/" local="130909279829469730" remote="130927728600000000" Dst="0" />
<file name="ckeditor.js" server="erp.ili-studios.com/public_html/" local="130936197538894501" remote="130945720800000000" Dst="0" />
<file name="CHANGES.md" server="erp.ili-studios.com/public_html/" local="130936197536682515" remote="130945721400000000" Dst="0" />
<file name="config.js" server="erp.ili-studios.com/public_html/" local="130936197539084672" remote="130945721400000000" Dst="0" />
<file name="build-config.js" server="erp.ili-studios.com/public_html/" local="130936197537543292" remote="130945721400000000" Dst="0" />
<file name="contents.css" server="erp.ili-studios.com/public_html/" local="130936197539144730" remote="130945721400000000" Dst="0" />
<file name="LICENSE.md" server="erp.ili-studios.com/public_html/" local="130936197537343104" remote="130945722000000000" Dst="0" />
<file name="README.md" server="erp.ili-studios.com/public_html/" local="130936197537393153" remote="130945722000000000" Dst="0" />
<file name="styles.js" server="erp.ili-studios.com/public_html/" local="130936197605011233" remote="130945722600000000" Dst="0" />
<file name="ckeditor.js" server="erp-aa-v1.ili-studios.tn//public_html/" local="130992449807605914" remote="131057281200000000" Dst="0" />
<file name="build-config.js" server="erp-aa-v1.ili-studios.tn//public_html/" local="130936197537543292" remote="131057282400000000" Dst="0" />
<file name="CHANGES.md" server="erp-aa-v1.ili-studios.tn//public_html/" local="130936197536682515" remote="131057282400000000" Dst="0" />
<file name="config.js" server="erp-aa-v1.ili-studios.tn//public_html/" local="130936197539084672" remote="131057282400000000" Dst="0" />
<file name="contents.css" server="erp-aa-v1.ili-studios.tn//public_html/" local="130936197539144730" remote="131057282400000000" Dst="0" />
<file name="LICENSE.md" server="erp-aa-v1.ili-studios.tn//public_html/" local="130936197537343104" remote="131057283000000000" Dst="0" />
<file name="README.md" server="erp-aa-v1.ili-studios.tn//public_html/" local="130936197537393153" remote="131057283600000000" Dst="0" />
<file name="styles.js" server="erp-aa-v1.ili-studios.tn//public_html/" local="130992449809017178" remote="131057283600000000" Dst="0" />
<file name="ckeditor.js" server="ili-studios.tn//public_html/projets/iLi-ERP-AA-V1/" local="130992449807605914" remote="131058828600000000" Dst="0" />
<file name="build-config.js" server="ili-studios.tn//public_html/projets/iLi-ERP-AA-V1/" local="130936197537543292" remote="131058829800000000" Dst="0" />
<file name="CHANGES.md" server="ili-studios.tn//public_html/projets/iLi-ERP-AA-V1/" local="130936197536682515" remote="131058829800000000" Dst="0" />
<file name="config.js" server="ili-studios.tn//public_html/projets/iLi-ERP-AA-V1/" local="130936197539084672" remote="131058829800000000" Dst="0" />
<file name="contents.css" server="ili-studios.tn//public_html/projets/iLi-ERP-AA-V1/" local="130936197539144730" remote="131058829800000000" Dst="0" />
<file name="LICENSE.md" server="ili-studios.tn//public_html/projets/iLi-ERP-AA-V1/" local="130936197537343104" remote="131058830400000000" Dst="0" />
<file name="README.md" server="ili-studios.tn//public_html/projets/iLi-ERP-AA-V1/" local="130936197537393153" remote="131058830400000000" Dst="0" />
<file name="styles.js" server="ili-studios.tn//public_html/projets/iLi-ERP-AA-V1/" local="130992449809017178" remote="131058831000000000" Dst="0" />
<file name="README.md" server="ili-manager-1.0.ili-studios.tn//public_html/" local="130936197537393153" remote="131082421800000000" Dst="0" />
<file name="styles.js" server="ili-manager-1.0.ili-studios.tn//public_html/" local="130992449809017178" remote="131082422400000000" Dst="0" />
</dwsync>