<?xml version="1.0" encoding="utf-8" ?>
<dwsync>
<file name="close.png" server="www.ili-studios.com//domains/erp.ili-studios.com/public_html/" local="130909279829299594" remote="130919019000000000" Dst="0" />
<file name="mini.png" server="www.ili-studios.com//domains/erp.ili-studios.com/public_html/" local="130909279829309612" remote="130919019000000000" Dst="0" />
<file name="arrow.png" server="www.ili-studios.com//domains/erp.ili-studios.com/public_html/" local="130909279829289585" remote="130919019000000000" Dst="0" />
<file name="mini.png" server="www.hebergili.com//public_html/" local="130909279829309612" remote="130927728600000000" Dst="0" />
<file name="close.png" server="www.hebergili.com//public_html/" local="130909279829299594" remote="130927728600000000" Dst="0" />
<file name="arrow.png" server="www.hebergili.com//public_html/" local="130909279829289585" remote="130927728600000000" Dst="0" />
<file name="close.png" server="erp.ili-studios.com/public_html/" local="130936197604781030" remote="130945722600000000" Dst="0" />
<file name="mini.png" server="erp.ili-studios.com/public_html/" local="130936197604801061" remote="130945722600000000" Dst="0" />
<file name="arrow.png" server="erp.ili-studios.com/public_html/" local="130936197604750999" remote="130945722600000000" Dst="0" />
<file name="close.png" server="erp-aa-v1.ili-studios.tn//public_html/" local="130936197604781030" remote="131057283600000000" Dst="0" />
<file name="mini.png" server="erp-aa-v1.ili-studios.tn//public_html/" local="130936197604801061" remote="131057283600000000" Dst="0" />
<file name="arrow.png" server="erp-aa-v1.ili-studios.tn//public_html/" local="130936197604750999" remote="131057283600000000" Dst="0" />
<file name="close.png" server="ili-studios.tn//public_html/projets/iLi-ERP-AA-V1/" local="130936197604781030" remote="131058831000000000" Dst="0" />
<file name="mini.png" server="ili-studios.tn//public_html/projets/iLi-ERP-AA-V1/" local="130936197604801061" remote="131058831000000000" Dst="0" />
<file name="arrow.png" server="ili-studios.tn//public_html/projets/iLi-ERP-AA-V1/" local="130936197604750999" remote="131058831000000000" Dst="0" />
<file name="close.png" server="ili-manager-1.0.ili-studios.tn//public_html/" local="130936197604781030" remote="131082422400000000" Dst="0" />
<file name="mini.png" server="ili-manager-1.0.ili-studios.tn//public_html/" local="130936197604801061" remote="131082422400000000" Dst="0" />
<file name="arrow.png" server="ili-manager-1.0.ili-studios.tn//public_html/" local="130936197604750999" remote="131082422400000000" Dst="0" />
</dwsync>