<?xml version="1.0" encoding="utf-8" ?>
<dwsync>
<file name="date.js" server="www.ili-studios.com//domains/erp.ili-studios.com/public_html/" local="130909279798571966" remote="130919014800000000" Dst="0" />
<file name="daterangepicker.js" server="www.ili-studios.com//domains/erp.ili-studios.com/public_html/" local="130909279798712101" remote="130919014800000000" Dst="0" />
<file name="daterangepicker.css" server="www.ili-studios.com//domains/erp.ili-studios.com/public_html/" local="130909279798632020" remote="130919016000000000" Dst="0" />
<file name="examples.html" server="www.ili-studios.com//domains/erp.ili-studios.com/public_html/" local="130909279798822195" remote="130919016000000000" Dst="0" />
<file name="README.md" server="www.ili-studios.com//domains/erp.ili-studios.com/public_html/" local="130909279798431883" remote="130919016000000000" Dst="0" />
<file name="date.js" server="www.hebergili.com//public_html/" local="130909279798571966" remote="130927726200000000" Dst="0" />
<file name="daterangepicker.js" server="www.hebergili.com//public_html/" local="130909279798712101" remote="130927726200000000" Dst="0" />
<file name="daterangepicker.css" server="www.hebergili.com//public_html/" local="130909279798632020" remote="130927726200000000" Dst="0" />
<file name="examples.html" server="www.hebergili.com//public_html/" local="130909279798822195" remote="130927726800000000" Dst="0" />
<file name="README.md" server="www.hebergili.com//public_html/" local="130909279798431883" remote="130927726800000000" Dst="0" />
<file name="date.js" server="erp.ili-studios.com/public_html/" local="130936197512640934" remote="130945720800000000" Dst="0" />
<file name="daterangepicker.js" server="erp.ili-studios.com/public_html/" local="130936197512781055" remote="130945720800000000" Dst="0" />
<file name="daterangepicker.css" server="erp.ili-studios.com/public_html/" local="130936197512690979" remote="130945720800000000" Dst="0" />
<file name="examples.html" server="erp.ili-studios.com/public_html/" local="130936197512881154" remote="130945721400000000" Dst="0" />
<file name="README.md" server="erp.ili-studios.com/public_html/" local="130936197512220560" remote="130945721400000000" Dst="0" />
<file name="daterangepicker.css" server="erp-aa-v1.ili-studios.tn//public_html/" local="130936197512690979" remote="131057281200000000" Dst="0" />
<file name="date.js" server="erp-aa-v1.ili-studios.tn//public_html/" local="130936197512640934" remote="131057281800000000" Dst="0" />
<file name="daterangepicker.js" server="erp-aa-v1.ili-studios.tn//public_html/" local="131056268719155401" remote="131057281800000000" Dst="0" />
<file name="examples.html" server="erp-aa-v1.ili-studios.tn//public_html/" local="131006126132243344" remote="131057281800000000" Dst="0" />
<file name="README.md" server="erp-aa-v1.ili-studios.tn//public_html/" local="130936197512220560" remote="131057281800000000" Dst="0" />
<file name="daterangepicker.css" server="ili-studios.tn//public_html/projets/iLi-ERP-AA-V1/" local="130936197512690979" remote="131058828600000000" Dst="0" />
<file name="date.js" server="ili-studios.tn//public_html/projets/iLi-ERP-AA-V1/" local="130936197512640934" remote="131058828600000000" Dst="0" />
<file name="daterangepicker.js" server="ili-studios.tn//public_html/projets/iLi-ERP-AA-V1/" local="131056268719155401" remote="131058828600000000" Dst="0" />
<file name="examples.html" server="ili-studios.tn//public_html/projets/iLi-ERP-AA-V1/" local="131006126132243344" remote="131058829200000000" Dst="0" />
<file name="README.md" server="ili-studios.tn//public_html/projets/iLi-ERP-AA-V1/" local="130936197512220560" remote="131058829200000000" Dst="0" />
</dwsync>