<?xml version="1.0" encoding="utf-8" ?>
<dwsync>
<file name="opensans-condlight-webfont.eot" server="www.ili-studios.com//domains/erp.ili-studios.com/public_html/" local="130909279830600760" remote="130919019000000000" Dst="0" />
<file name="opensans-condlight-webfont.ttf" server="www.ili-studios.com//domains/erp.ili-studios.com/public_html/" local="130909279830770904" remote="130919019000000000" Dst="0" />
<file name="opensans-condlight-webfont.svg" server="www.ili-studios.com//domains/erp.ili-studios.com/public_html/" local="130909279830690823" remote="130919019000000000" Dst="0" />
<file name="opensans-condlight-webfont.woff" server="www.ili-studios.com//domains/erp.ili-studios.com/public_html/" local="130909279830820962" remote="130919019000000000" Dst="0" />
<file name="opensans-condlight-webfont.eot" server="www.hebergili.com//public_html/" local="130909279830600760" remote="130927728600000000" Dst="0" />
<file name="opensans-condlight-webfont.svg" server="www.hebergili.com//public_html/" local="130909279830690823" remote="130927728600000000" Dst="0" />
<file name="opensans-condlight-webfont.ttf" server="www.hebergili.com//public_html/" local="130909279830770904" remote="130927728600000000" Dst="0" />
<file name="opensans-condlight-webfont.woff" server="www.hebergili.com//public_html/" local="130909279830820962" remote="130927728600000000" Dst="0" />
<file name="opensans-condlight-webfont.eot" server="erp.ili-studios.com/public_html/" local="130936197608484343" remote="130945722600000000" Dst="0" />
<file name="opensans-condlight-webfont.svg" server="erp.ili-studios.com/public_html/" local="130936197608754585" remote="130945722600000000" Dst="0" />
<file name="opensans-condlight-webfont.ttf" server="erp.ili-studios.com/public_html/" local="130936197608814635" remote="130945722600000000" Dst="0" />
<file name="opensans-condlight-webfont.woff" server="erp.ili-studios.com/public_html/" local="130936197608924738" remote="130945722600000000" Dst="0" />
<file name="opensans-condlight-webfont.eot" server="erp-aa-v1.ili-studios.tn//public_html/" local="130936197608484343" remote="131057283600000000" Dst="0" />
<file name="opensans-condlight-webfont.svg" server="erp-aa-v1.ili-studios.tn//public_html/" local="130936197608754585" remote="131057283600000000" Dst="0" />
<file name="opensans-condlight-webfont.ttf" server="erp-aa-v1.ili-studios.tn//public_html/" local="130936197608814635" remote="131057283600000000" Dst="0" />
<file name="opensans-condlight-webfont.woff" server="erp-aa-v1.ili-studios.tn//public_html/" local="130936197608924738" remote="131057283600000000" Dst="0" />
<file name="opensans-condlight-webfont.eot" server="ili-studios.tn//public_html/projets/iLi-ERP-AA-V1/" local="130936197608484343" remote="131058831600000000" Dst="0" />
<file name="opensans-condlight-webfont.svg" server="ili-studios.tn//public_html/projets/iLi-ERP-AA-V1/" local="130936197608754585" remote="131058831600000000" Dst="0" />
<file name="opensans-condlight-webfont.ttf" server="ili-studios.tn//public_html/projets/iLi-ERP-AA-V1/" local="130936197608814635" remote="131058831600000000" Dst="0" />
<file name="opensans-condlight-webfont.woff" server="ili-studios.tn//public_html/projets/iLi-ERP-AA-V1/" local="130936197608924738" remote="131058831600000000" Dst="0" />
<file name="opensans-condlight-webfont.eot" server="ili-manager-1.0.ili-studios.tn//public_html/" local="130936197608484343" remote="131082422400000000" Dst="0" />
<file name="opensans-condlight-webfont.svg" server="ili-manager-1.0.ili-studios.tn//public_html/" local="130936197608754585" remote="131082422400000000" Dst="0" />
<file name="opensans-condlight-webfont.ttf" server="ili-manager-1.0.ili-studios.tn//public_html/" local="130936197608814635" remote="131082422400000000" Dst="0" />
<file name="opensans-condlight-webfont.woff" server="ili-manager-1.0.ili-studios.tn//public_html/" local="130936197608924738" remote="131082422400000000" Dst="0" />
</dwsync>