<?xml version="1.0" encoding="utf-8" ?>
<dwsync>
<file name="alert.php" server="www.ili-studios.com//domains/erp.ili-studios.com/public_html/" local="130909348391877997" remote="130919013600000000" Dst="0" />
<file name="config.php" server="www.ili-studios.com//domains/erp.ili-studios.com/public_html/" local="130919085311781424" remote="130919049000000000" Dst="0" />
<file name="database.php" server="www.ili-studios.com//domains/erp.ili-studios.com/public_html/" local="130909279794258098" remote="130919013600000000" Dst="0" />
<file name="functions.php" server="www.ili-studios.com//domains/erp.ili-studios.com/public_html/" local="130917072480834022" remote="130919013600000000" Dst="0" />
<file name="logout.php" server="www.ili-studios.com//domains/erp.ili-studios.com/public_html/" local="130912373878624821" remote="130919013600000000" Dst="0" />
<file name="alert.php" server="www.hebergili.com//public_html/" local="130927379660741681" remote="130927725000000000" Dst="0" />
<file name="config.php" server="www.hebergili.com//public_html/" local="130928503855633778" remote="130928467200000000" Dst="0" />
<file name="database.php" server="www.hebergili.com//public_html/" local="130909279794258098" remote="130927725000000000" Dst="0" />
<file name="functions.php" server="www.hebergili.com//public_html/" local="130928495623772731" remote="130928466000000000" Dst="0" />
<file name="index.html" server="www.hebergili.com//public_html/" local="130924235522502119" remote="130927725000000000" Dst="0" />
<file name="logout.php" server="www.hebergili.com//public_html/" local="130912373878624821" remote="130927725000000000" Dst="0" />
<file name="database.php" server="erp.ili-studios.com/public_html/" local="130936197487225349" remote="130945720200000000" Dst="0" />
<file name="alert.php" server="erp.ili-studios.com/public_html/" local="130941730353774394" remote="130945720200000000" Dst="0" />
<file name="functions.php" server="erp.ili-studios.com/public_html/" local="130945724230992411" remote="130945720200000000" Dst="0" />
<file name="index.html" server="erp.ili-studios.com/public_html/" local="130936197489627523" remote="130945720200000000" Dst="0" />
<file name="logout.php" server="erp.ili-studios.com/public_html/" local="130936197489797667" remote="130945720200000000" Dst="0" />
<file name="config.php" server="erp.ili-studios.com/public_html/" local="130945977660157442" remote="130945941600000000" Dst="0" />
<file name="config.php" server="erp-aa-v1.ili-studios.tn//public_html/" local="131057306835658791" remote="131057280000000000" Dst="0" />
<file name="functions.php" server="erp-aa-v1.ili-studios.tn//public_html/" local="131056285043428819" remote="131057280000000000" Dst="0" />
<file name="database.php" server="erp-aa-v1.ili-studios.tn//public_html/" local="130992690909618844" remote="131057280000000000" Dst="0" />
<file name="alert.php" server="erp-aa-v1.ili-studios.tn//public_html/" local="131055541110755929" remote="131057280000000000" Dst="0" />
<file name="index.html" server="erp-aa-v1.ili-studios.tn//public_html/" local="130936197489627523" remote="131057286000000000" Dst="0" />
<file name="logout.php" server="erp-aa-v1.ili-studios.tn//public_html/" local="130992785107868946" remote="131057286000000000" Dst="0" />
<file name="config.php" server="ili-studios.tn//public_html/projets/iLi-ERP-AA-V1/" local="131057473191558405" remote="131058827400000000" Dst="0" />
<file name="functions.php" server="ili-studios.tn//public_html/projets/iLi-ERP-AA-V1/" local="131082409336434647" remote="131082373200000000" Dst="0" />
<file name="database.php" server="ili-studios.tn//public_html/projets/iLi-ERP-AA-V1/" local="130992690909618844" remote="131058827400000000" Dst="0" />
<file name="alert.php" server="ili-studios.tn//public_html/projets/iLi-ERP-AA-V1/" local="131055541110755929" remote="131058827400000000" Dst="0" />
<file name="logout.php" server="ili-studios.tn//public_html/projets/iLi-ERP-AA-V1/" local="130992785107868946" remote="131058834600000000" Dst="0" />
<file name="index.html" server="ili-studios.tn//public_html/projets/iLi-ERP-AA-V1/" local="130936197489627523" remote="131058834600000000" Dst="0" />
<file name="functions.php" server="ili-manager-1.0.ili-studios.tn//public_html/" local="131086599043510534" remote="131086568400000000" Dst="0" />
<file name="config.php" server="ili-manager-1.0.ili-studios.tn//public_html/" local="131082438300523311" remote="131082417000000000" Dst="0" />
<file name="alert.php" server="ili-manager-1.0.ili-studios.tn//public_html/" local="131086604764297110" remote="131086568400000000" Dst="0" />
<file name="database.php" server="ili-manager-1.0.ili-studios.tn//public_html/" local="131081722902726545" remote="131082417000000000" Dst="0" />
</dwsync>