<?xml version="1.0" encoding="utf-8" ?>
<dwsync>
<file name="select-parser.coffee" server="www.ili-studios.com//domains/erp.ili-studios.com/public_html/" local="130909279808521386" remote="130919017200000000" Dst="0" />
<file name="abstract-chosen.coffee" server="www.ili-studios.com//domains/erp.ili-studios.com/public_html/" local="130909279808480876" remote="130919017200000000" Dst="0" />
<file name="abstract-chosen.coffee" server="www.hebergili.com//public_html/" local="130909279808480876" remote="130927727400000000" Dst="0" />
<file name="select-parser.coffee" server="www.hebergili.com//public_html/" local="130909279808521386" remote="130927727400000000" Dst="0" />
<file name="abstract-chosen.coffee" server="erp.ili-studios.com/public_html/" local="130936197535881805" remote="130945721400000000" Dst="0" />
<file name="select-parser.coffee" server="erp.ili-studios.com/public_html/" local="130936197535951864" remote="130945721400000000" Dst="0" />
<file name="abstract-chosen.coffee" server="erp-aa-v1.ili-studios.tn//public_html/" local="130936197535881805" remote="131057282400000000" Dst="0" />
<file name="select-parser.coffee" server="erp-aa-v1.ili-studios.tn//public_html/" local="130936197535951864" remote="131057282400000000" Dst="0" />
<file name="abstract-chosen.coffee" server="ili-studios.tn//public_html/projets/iLi-ERP-AA-V1/" local="130936197535881805" remote="131058829800000000" Dst="0" />
<file name="select-parser.coffee" server="ili-studios.tn//public_html/projets/iLi-ERP-AA-V1/" local="130936197535951864" remote="131058829800000000" Dst="0" />
</dwsync>