<?xml version="1.0" encoding="utf-8" ?>
<dwsync>
<file name="bstree-halflings.png" server="www.ili-studios.com//domains/erp.ili-studios.com/public_html/" local="130909279800303544" remote="130919016600000000" Dst="0" />
<file name="ajax-loader.gif" server="www.ili-studios.com//domains/erp.ili-studios.com/public_html/" local="130909279800293509" remote="130919016600000000" Dst="0" />
<file name="bstree-halflings_.png" server="www.ili-studios.com//domains/erp.ili-studios.com/public_html/" local="130909279800323540" remote="130919016600000000" Dst="0" />
<file name="bstree-halflings.png" server="www.hebergili.com//public_html/" local="130909279800303544" remote="130927726800000000" Dst="0" />
<file name="ajax-loader.gif" server="www.hebergili.com//public_html/" local="130909279800293509" remote="130927726800000000" Dst="0" />
<file name="bstree-halflings_.png" server="www.hebergili.com//public_html/" local="130909279800323540" remote="130927726800000000" Dst="0" />
<file name="bstree-halflings.png" server="erp.ili-studios.com/public_html/" local="130936197522149475" remote="130945721400000000" Dst="0" />
<file name="ajax-loader.gif" server="erp.ili-studios.com/public_html/" local="130936197522139462" remote="130945721400000000" Dst="0" />
<file name="bstree-halflings_.png" server="erp.ili-studios.com/public_html/" local="130936197522169485" remote="130945721400000000" Dst="0" />
<file name="bstree-halflings.png" server="erp-aa-v1.ili-studios.tn//public_html/" local="130936197522149475" remote="131057281800000000" Dst="0" />
<file name="ajax-loader.gif" server="erp-aa-v1.ili-studios.tn//public_html/" local="130936197522139462" remote="131057282400000000" Dst="0" />
<file name="bstree-halflings_.png" server="erp-aa-v1.ili-studios.tn//public_html/" local="130936197522169485" remote="131057282400000000" Dst="0" />
<file name="bstree-halflings.png" server="ili-studios.tn//public_html/projets/iLi-ERP-AA-V1/" local="130936197522149475" remote="131058828600000000" Dst="0" />
<file name="bstree-halflings_.png" server="ili-studios.tn//public_html/projets/iLi-ERP-AA-V1/" local="130936197522169485" remote="131058829200000000" Dst="0" />
<file name="ajax-loader.gif" server="ili-studios.tn//public_html/projets/iLi-ERP-AA-V1/" local="130936197522139462" remote="131058829200000000" Dst="0" />
<file name="ajax-loader.gif" server="ili-manager-1.0.ili-studios.tn//public_html/" local="130936197522139462" remote="131082420000000000" Dst="0" />
<file name="bstree-halflings_.png" server="ili-manager-1.0.ili-studios.tn//public_html/" local="130936197522169485" remote="131082420000000000" Dst="0" />
</dwsync>