<?xml version="1.0" encoding="utf-8" ?>
<dwsync>
<file name="bg-burried.png" server="www.ili-studios.com//domains/erp.ili-studios.com/public_html/" local="130909279831091196" remote="130919019000000000" Dst="0" />
<file name="bg-brick.png" server="www.ili-studios.com//domains/erp.ili-studios.com/public_html/" local="130909279831061182" remote="130919019000000000" Dst="0" />
<file name="bg-carbon.png" server="www.ili-studios.com//domains/erp.ili-studios.com/public_html/" local="130909279831101201" remote="130919019000000000" Dst="0" />
<file name="bg-darkdenim3.png" server="www.ili-studios.com//domains/erp.ili-studios.com/public_html/" local="130909279831161255" remote="130919019000000000" Dst="0" />
<file name="bg-asfalt.png" server="www.ili-studios.com//domains/erp.ili-studios.com/public_html/" local="130909279831041155" remote="130919019000000000" Dst="0" />
<file name="bg-dirty.png" server="www.ili-studios.com//domains/erp.ili-studios.com/public_html/" local="130909279831191294" remote="130919019000000000" Dst="0" />
<file name="bg-denim.png" server="www.ili-studios.com//domains/erp.ili-studios.com/public_html/" local="130909279831171268" remote="130919019000000000" Dst="0" />
<file name="bg-cloth.png" server="www.ili-studios.com//domains/erp.ili-studios.com/public_html/" local="130909279831121227" remote="130919019000000000" Dst="0" />
<file name="bg-dotted.png" server="www.ili-studios.com//domains/erp.ili-studios.com/public_html/" local="130909279831201303" remote="130919019000000000" Dst="0" />
<file name="bg-dvsup.png" server="www.ili-studios.com//domains/erp.ili-studios.com/public_html/" local="130909279831211317" remote="130919019000000000" Dst="0" />
<file name="bg-fabric.png" server="www.ili-studios.com//domains/erp.ili-studios.com/public_html/" local="130909279831221326" remote="130919019000000000" Dst="0" />
<file name="bg-hexabunp.png" server="www.ili-studios.com//domains/erp.ili-studios.com/public_html/" local="130909279831231322" remote="130919019000000000" Dst="0" />
<file name="bg-illusion.png" server="www.ili-studios.com//domains/erp.ili-studios.com/public_html/" local="130909279831261349" remote="130919019000000000" Dst="0" />
<file name="bg-icongrpip.png" server="www.ili-studios.com//domains/erp.ili-studios.com/public_html/" local="130909279831251340" remote="130919019000000000" Dst="0" />
<file name="bg-linen.png" server="www.ili-studios.com//domains/erp.ili-studios.com/public_html/" local="130909279831271358" remote="130919019000000000" Dst="0" />
<file name="bg-mamba.png" server="www.ili-studios.com//domains/erp.ili-studios.com/public_html/" local="130909279831281358" remote="130919019000000000" Dst="0" />
<file name="bg-matter.png" server="www.ili-studios.com//domains/erp.ili-studios.com/public_html/" local="130909279831291363" remote="130919019000000000" Dst="0" />
<file name="bg-metal.png" server="www.ili-studios.com//domains/erp.ili-studios.com/public_html/" local="130909279831301398" remote="130919019000000000" Dst="0" />
<file name="bg-nami.png" server="www.ili-studios.com//domains/erp.ili-studios.com/public_html/" local="130909279831301398" remote="130919019000000000" Dst="0" />
<file name="bg-noisy.png" server="www.ili-studios.com//domains/erp.ili-studios.com/public_html/" local="130909279831341417" remote="130919019000000000" Dst="0" />
<file name="bg-office.png" server="www.ili-studios.com//domains/erp.ili-studios.com/public_html/" local="130909279831351430" remote="130919019000000000" Dst="0" />
<file name="bg-navy.png" server="www.ili-studios.com//domains/erp.ili-studios.com/public_html/" local="130909279831331408" remote="130919019000000000" Dst="0" />
<file name="bg-outlets.png" server="www.ili-studios.com//domains/erp.ili-studios.com/public_html/" local="130909279831351430" remote="130919019000000000" Dst="0" />
<file name="bg-rebel.png" server="www.ili-studios.com//domains/erp.ili-studios.com/public_html/" local="130909279831371452" remote="130919019000000000" Dst="0" />
<file name="bg-skewed.png" server="www.ili-studios.com//domains/erp.ili-studios.com/public_html/" local="130909279831371452" remote="130919019000000000" Dst="0" />
<file name="bg-suit.png" server="www.ili-studios.com//domains/erp.ili-studios.com/public_html/" local="130909279831411497" remote="130919019600000000" Dst="0" />
<file name="bg-tasky.png" server="www.ili-studios.com//domains/erp.ili-studios.com/public_html/" local="130909279831421497" remote="130919019600000000" Dst="0" />
<file name="bg-tire.png" server="www.ili-studios.com//domains/erp.ili-studios.com/public_html/" local="130909279831441511" remote="130919019600000000" Dst="0" />
<file name="bg-twill.png" server="www.ili-studios.com//domains/erp.ili-studios.com/public_html/" local="130909279831481555" remote="130919019600000000" Dst="0" />
<file name="bg-txture.png" server="www.ili-studios.com//domains/erp.ili-studios.com/public_html/" local="130909279831501582" remote="130919019600000000" Dst="0" />
<file name="bg-tr24.png" server="www.ili-studios.com//domains/erp.ili-studios.com/public_html/" local="130909279831461512" remote="130919019600000000" Dst="0" />
<file name="bg-tile.png" server="www.ili-studios.com//domains/erp.ili-studios.com/public_html/" local="130909279831431506" remote="130919019600000000" Dst="0" />
<file name="bg-wall.png" server="www.ili-studios.com//domains/erp.ili-studios.com/public_html/" local="130909279831521583" remote="130919019600000000" Dst="0" />
<file name="bg-burried.png" server="www.hebergili.com//public_html/" local="130909279831091196" remote="130927728600000000" Dst="0" />
<file name="bg-brick.png" server="www.hebergili.com//public_html/" local="130909279831061182" remote="130927728600000000" Dst="0" />
<file name="bg-asfalt.png" server="www.hebergili.com//public_html/" local="130909279831041155" remote="130927728600000000" Dst="0" />
<file name="bg-carbon.png" server="www.hebergili.com//public_html/" local="130909279831101201" remote="130927728600000000" Dst="0" />
<file name="bg-darkdenim3.png" server="www.hebergili.com//public_html/" local="130909279831161255" remote="130927728600000000" Dst="0" />
<file name="bg-denim.png" server="www.hebergili.com//public_html/" local="130909279831171268" remote="130927728600000000" Dst="0" />
<file name="bg-cloth.png" server="www.hebergili.com//public_html/" local="130909279831121227" remote="130927728600000000" Dst="0" />
<file name="bg-dirty.png" server="www.hebergili.com//public_html/" local="130909279831191294" remote="130927728600000000" Dst="0" />
<file name="bg-dotted.png" server="www.hebergili.com//public_html/" local="130909279831201303" remote="130927728600000000" Dst="0" />
<file name="bg-dvsup.png" server="www.hebergili.com//public_html/" local="130909279831211317" remote="130927728600000000" Dst="0" />
<file name="bg-fabric.png" server="www.hebergili.com//public_html/" local="130909279831221326" remote="130927728600000000" Dst="0" />
<file name="bg-hexabunp.png" server="www.hebergili.com//public_html/" local="130909279831231322" remote="130927728600000000" Dst="0" />
<file name="bg-icongrpip.png" server="www.hebergili.com//public_html/" local="130909279831251340" remote="130927728600000000" Dst="0" />
<file name="bg-illusion.png" server="www.hebergili.com//public_html/" local="130909279831261349" remote="130927728600000000" Dst="0" />
<file name="bg-linen.png" server="www.hebergili.com//public_html/" local="130909279831271358" remote="130927728600000000" Dst="0" />
<file name="bg-mamba.png" server="www.hebergili.com//public_html/" local="130909279831281358" remote="130927728600000000" Dst="0" />
<file name="bg-matter.png" server="www.hebergili.com//public_html/" local="130909279831291363" remote="130927728600000000" Dst="0" />
<file name="bg-metal.png" server="www.hebergili.com//public_html/" local="130909279831301398" remote="130927728600000000" Dst="0" />
<file name="bg-nami.png" server="www.hebergili.com//public_html/" local="130909279831301398" remote="130927728600000000" Dst="0" />
<file name="bg-noisy.png" server="www.hebergili.com//public_html/" local="130909279831341417" remote="130927728600000000" Dst="0" />
<file name="bg-office.png" server="www.hebergili.com//public_html/" local="130909279831351430" remote="130927728600000000" Dst="0" />
<file name="bg-navy.png" server="www.hebergili.com//public_html/" local="130909279831331408" remote="130927728600000000" Dst="0" />
<file name="bg-outlets.png" server="www.hebergili.com//public_html/" local="130909279831351430" remote="130927728600000000" Dst="0" />
<file name="bg-skewed.png" server="www.hebergili.com//public_html/" local="130909279831371452" remote="130927728600000000" Dst="0" />
<file name="bg-rebel.png" server="www.hebergili.com//public_html/" local="130909279831371452" remote="130927728600000000" Dst="0" />
<file name="bg-suit.png" server="www.hebergili.com//public_html/" local="130909279831411497" remote="130927728600000000" Dst="0" />
<file name="bg-tasky.png" server="www.hebergili.com//public_html/" local="130909279831421497" remote="130927728600000000" Dst="0" />
<file name="bg-tire.png" server="www.hebergili.com//public_html/" local="130909279831441511" remote="130927728600000000" Dst="0" />
<file name="bg-twill.png" server="www.hebergili.com//public_html/" local="130909279831481555" remote="130927728600000000" Dst="0" />
<file name="bg-txture.png" server="www.hebergili.com//public_html/" local="130909279831501582" remote="130927728600000000" Dst="0" />
<file name="bg-tr24.png" server="www.hebergili.com//public_html/" local="130909279831461512" remote="130927728600000000" Dst="0" />
<file name="bg-tile.png" server="www.hebergili.com//public_html/" local="130909279831431506" remote="130927728600000000" Dst="0" />
<file name="bg-wall.png" server="www.hebergili.com//public_html/" local="130909279831521583" remote="130927728600000000" Dst="0" />
<file name="bg-brick.png" server="erp.ili-studios.com/public_html/" local="130936197609204994" remote="130945722600000000" Dst="0" />
<file name="bg-burried.png" server="erp.ili-studios.com/public_html/" local="130936197609215003" remote="130945722600000000" Dst="0" />
<file name="bg-carbon.png" server="erp.ili-studios.com/public_html/" local="130936197609225012" remote="130945722600000000" Dst="0" />
<file name="bg-asfalt.png" server="erp.ili-studios.com/public_html/" local="130936197609194976" remote="130945722600000000" Dst="0" />
<file name="bg-darkdenim3.png" server="erp.ili-studios.com/public_html/" local="130936197609275048" remote="130945722600000000" Dst="0" />
<file name="bg-denim.png" server="erp.ili-studios.com/public_html/" local="130936197609285066" remote="130945722600000000" Dst="0" />
<file name="bg-cloth.png" server="erp.ili-studios.com/public_html/" local="130936197609255052" remote="130945722600000000" Dst="0" />
<file name="bg-dotted.png" server="erp.ili-studios.com/public_html/" local="130936197609305084" remote="130945722600000000" Dst="0" />
<file name="bg-dirty.png" server="erp.ili-studios.com/public_html/" local="130936197609295075" remote="130945722600000000" Dst="0" />
<file name="bg-dvsup.png" server="erp.ili-studios.com/public_html/" local="130936197609315093" remote="130945722600000000" Dst="0" />
<file name="bg-fabric.png" server="erp.ili-studios.com/public_html/" local="130936197609325106" remote="130945722600000000" Dst="0" />
<file name="bg-hexabunp.png" server="erp.ili-studios.com/public_html/" local="130936197609335132" remote="130945722600000000" Dst="0" />
<file name="bg-icongrpip.png" server="erp.ili-studios.com/public_html/" local="130936197609355133" remote="130945722600000000" Dst="0" />
<file name="bg-illusion.png" server="erp.ili-studios.com/public_html/" local="130936197609365142" remote="130945722600000000" Dst="0" />
<file name="bg-linen.png" server="erp.ili-studios.com/public_html/" local="130936197609385160" remote="130945722600000000" Dst="0" />
<file name="bg-mamba.png" server="erp.ili-studios.com/public_html/" local="130936197609395173" remote="130945722600000000" Dst="0" />
<file name="bg-matter.png" server="erp.ili-studios.com/public_html/" local="130936197609405178" remote="130945722600000000" Dst="0" />
<file name="bg-metal.png" server="erp.ili-studios.com/public_html/" local="130936197609425200" remote="130945722600000000" Dst="0" />
<file name="bg-nami.png" server="erp.ili-studios.com/public_html/" local="130936197609435196" remote="130945722600000000" Dst="0" />
<file name="bg-noisy.png" server="erp.ili-studios.com/public_html/" local="130936197609465232" remote="130945722600000000" Dst="0" />
<file name="bg-navy.png" server="erp.ili-studios.com/public_html/" local="130936197609455214" remote="130945722600000000" Dst="0" />
<file name="bg-office.png" server="erp.ili-studios.com/public_html/" local="130936197609475241" remote="130945722600000000" Dst="0" />
<file name="bg-outlets.png" server="erp.ili-studios.com/public_html/" local="130936197609485250" remote="130945722600000000" Dst="0" />
<file name="bg-skewed.png" server="erp.ili-studios.com/public_html/" local="130936197610566225" remote="130945722600000000" Dst="0" />
<file name="bg-rebel.png" server="erp.ili-studios.com/public_html/" local="130936197609505259" remote="130945722600000000" Dst="0" />
<file name="bg-suit.png" server="erp.ili-studios.com/public_html/" local="130936197610596256" remote="130945722600000000" Dst="0" />
<file name="bg-tasky.png" server="erp.ili-studios.com/public_html/" local="130936197610606261" remote="130945722600000000" Dst="0" />
<file name="bg-tire.png" server="erp.ili-studios.com/public_html/" local="130936197611927443" remote="130945722600000000" Dst="0" />
<file name="bg-twill.png" server="erp.ili-studios.com/public_html/" local="130936197611967478" remote="130945722600000000" Dst="0" />
<file name="bg-txture.png" server="erp.ili-studios.com/public_html/" local="130936197611977487" remote="130945722600000000" Dst="0" />
<file name="bg-tr24.png" server="erp.ili-studios.com/public_html/" local="130936197611957478" remote="130945722600000000" Dst="0" />
<file name="bg-tile.png" server="erp.ili-studios.com/public_html/" local="130936197610616261" remote="130945722600000000" Dst="0" />
<file name="bg-wall.png" server="erp.ili-studios.com/public_html/" local="130936197613789114" remote="130945722600000000" Dst="0" />
<file name="bg-burried.png" server="erp-aa-v1.ili-studios.tn//public_html/" local="130936197609215003" remote="131057283600000000" Dst="0" />
<file name="bg-brick.png" server="erp-aa-v1.ili-studios.tn//public_html/" local="130936197609204994" remote="131057283600000000" Dst="0" />
<file name="bg-asfalt.png" server="erp-aa-v1.ili-studios.tn//public_html/" local="130936197609194976" remote="131057283600000000" Dst="0" />
<file name="bg-carbon.png" server="erp-aa-v1.ili-studios.tn//public_html/" local="130936197609225012" remote="131057283600000000" Dst="0" />
<file name="bg-darkdenim3.png" server="erp-aa-v1.ili-studios.tn//public_html/" local="130936197609275048" remote="131057283600000000" Dst="0" />
<file name="bg-denim.png" server="erp-aa-v1.ili-studios.tn//public_html/" local="130936197609285066" remote="131057283600000000" Dst="0" />
<file name="bg-cloth.png" server="erp-aa-v1.ili-studios.tn//public_html/" local="130936197609255052" remote="131057283600000000" Dst="0" />
<file name="bg-dirty.png" server="erp-aa-v1.ili-studios.tn//public_html/" local="130936197609295075" remote="131057283600000000" Dst="0" />
<file name="bg-dotted.png" server="erp-aa-v1.ili-studios.tn//public_html/" local="130936197609305084" remote="131057283600000000" Dst="0" />
<file name="bg-dvsup.png" server="erp-aa-v1.ili-studios.tn//public_html/" local="130936197609315093" remote="131057283600000000" Dst="0" />
<file name="bg-fabric.png" server="erp-aa-v1.ili-studios.tn//public_html/" local="130936197609325106" remote="131057283600000000" Dst="0" />
<file name="bg-hexabunp.png" server="erp-aa-v1.ili-studios.tn//public_html/" local="130936197609335132" remote="131057283600000000" Dst="0" />
<file name="bg-icongrpip.png" server="erp-aa-v1.ili-studios.tn//public_html/" local="130936197609355133" remote="131057283600000000" Dst="0" />
<file name="bg-illusion.png" server="erp-aa-v1.ili-studios.tn//public_html/" local="130936197609365142" remote="131057283600000000" Dst="0" />
<file name="bg-linen.png" server="erp-aa-v1.ili-studios.tn//public_html/" local="130936197609385160" remote="131057284200000000" Dst="0" />
<file name="bg-mamba.png" server="erp-aa-v1.ili-studios.tn//public_html/" local="130936197609395173" remote="131057284200000000" Dst="0" />
<file name="bg-matter.png" server="erp-aa-v1.ili-studios.tn//public_html/" local="130936197609405178" remote="131057284200000000" Dst="0" />
<file name="bg-metal.png" server="erp-aa-v1.ili-studios.tn//public_html/" local="130936197609425200" remote="131057284200000000" Dst="0" />
<file name="bg-nami.png" server="erp-aa-v1.ili-studios.tn//public_html/" local="130936197609435196" remote="131057284200000000" Dst="0" />
<file name="bg-noisy.png" server="erp-aa-v1.ili-studios.tn//public_html/" local="130936197609465232" remote="131057284200000000" Dst="0" />
<file name="bg-navy.png" server="erp-aa-v1.ili-studios.tn//public_html/" local="130936197609455214" remote="131057284200000000" Dst="0" />
<file name="bg-office.png" server="erp-aa-v1.ili-studios.tn//public_html/" local="130936197609475241" remote="131057284200000000" Dst="0" />
<file name="bg-outlets.png" server="erp-aa-v1.ili-studios.tn//public_html/" local="130936197609485250" remote="131057284200000000" Dst="0" />
<file name="bg-rebel.png" server="erp-aa-v1.ili-studios.tn//public_html/" local="130936197609505259" remote="131057284200000000" Dst="0" />
<file name="bg-skewed.png" server="erp-aa-v1.ili-studios.tn//public_html/" local="130936197610566225" remote="131057284200000000" Dst="0" />
<file name="bg-suit.png" server="erp-aa-v1.ili-studios.tn//public_html/" local="130936197610596256" remote="131057284200000000" Dst="0" />
<file name="bg-tasky.png" server="erp-aa-v1.ili-studios.tn//public_html/" local="130936197610606261" remote="131057284200000000" Dst="0" />
<file name="bg-tire.png" server="erp-aa-v1.ili-studios.tn//public_html/" local="130936197611927443" remote="131057284200000000" Dst="0" />
<file name="bg-twill.png" server="erp-aa-v1.ili-studios.tn//public_html/" local="130936197611967478" remote="131057284200000000" Dst="0" />
<file name="bg-txture.png" server="erp-aa-v1.ili-studios.tn//public_html/" local="130936197611977487" remote="131057284200000000" Dst="0" />
<file name="bg-tr24.png" server="erp-aa-v1.ili-studios.tn//public_html/" local="130936197611957478" remote="131057284200000000" Dst="0" />
<file name="bg-wall.png" server="erp-aa-v1.ili-studios.tn//public_html/" local="130936197613789114" remote="131057284200000000" Dst="0" />
<file name="bg-tile.png" server="erp-aa-v1.ili-studios.tn//public_html/" local="130936197610616261" remote="131057284200000000" Dst="0" />
<file name="bg-burried.png" server="ili-studios.tn//public_html/projets/iLi-ERP-AA-V1/" local="130936197609215003" remote="131058831600000000" Dst="0" />
<file name="bg-brick.png" server="ili-studios.tn//public_html/projets/iLi-ERP-AA-V1/" local="130936197609204994" remote="131058831600000000" Dst="0" />
<file name="bg-asfalt.png" server="ili-studios.tn//public_html/projets/iLi-ERP-AA-V1/" local="130936197609194976" remote="131058831600000000" Dst="0" />
<file name="bg-carbon.png" server="ili-studios.tn//public_html/projets/iLi-ERP-AA-V1/" local="130936197609225012" remote="131058831600000000" Dst="0" />
<file name="bg-darkdenim3.png" server="ili-studios.tn//public_html/projets/iLi-ERP-AA-V1/" local="130936197609275048" remote="131058831600000000" Dst="0" />
<file name="bg-denim.png" server="ili-studios.tn//public_html/projets/iLi-ERP-AA-V1/" local="130936197609285066" remote="131058831600000000" Dst="0" />
<file name="bg-cloth.png" server="ili-studios.tn//public_html/projets/iLi-ERP-AA-V1/" local="130936197609255052" remote="131058831600000000" Dst="0" />
<file name="bg-dotted.png" server="ili-studios.tn//public_html/projets/iLi-ERP-AA-V1/" local="130936197609305084" remote="131058831600000000" Dst="0" />
<file name="bg-dirty.png" server="ili-studios.tn//public_html/projets/iLi-ERP-AA-V1/" local="130936197609295075" remote="131058831600000000" Dst="0" />
<file name="bg-dvsup.png" server="ili-studios.tn//public_html/projets/iLi-ERP-AA-V1/" local="130936197609315093" remote="131058831600000000" Dst="0" />
<file name="bg-fabric.png" server="ili-studios.tn//public_html/projets/iLi-ERP-AA-V1/" local="130936197609325106" remote="131058831600000000" Dst="0" />
<file name="bg-hexabunp.png" server="ili-studios.tn//public_html/projets/iLi-ERP-AA-V1/" local="130936197609335132" remote="131058831600000000" Dst="0" />
<file name="bg-icongrpip.png" server="ili-studios.tn//public_html/projets/iLi-ERP-AA-V1/" local="130936197609355133" remote="131058831600000000" Dst="0" />
<file name="bg-illusion.png" server="ili-studios.tn//public_html/projets/iLi-ERP-AA-V1/" local="130936197609365142" remote="131058831600000000" Dst="0" />
<file name="bg-linen.png" server="ili-studios.tn//public_html/projets/iLi-ERP-AA-V1/" local="130936197609385160" remote="131058831600000000" Dst="0" />
<file name="bg-matter.png" server="ili-studios.tn//public_html/projets/iLi-ERP-AA-V1/" local="130936197609405178" remote="131058831600000000" Dst="0" />
<file name="bg-metal.png" server="ili-studios.tn//public_html/projets/iLi-ERP-AA-V1/" local="130936197609425200" remote="131058831600000000" Dst="0" />
<file name="bg-mamba.png" server="ili-studios.tn//public_html/projets/iLi-ERP-AA-V1/" local="130936197609395173" remote="131058831600000000" Dst="0" />
<file name="bg-nami.png" server="ili-studios.tn//public_html/projets/iLi-ERP-AA-V1/" local="130936197609435196" remote="131058831600000000" Dst="0" />
<file name="bg-noisy.png" server="ili-studios.tn//public_html/projets/iLi-ERP-AA-V1/" local="130936197609465232" remote="131058831600000000" Dst="0" />
<file name="bg-navy.png" server="ili-studios.tn//public_html/projets/iLi-ERP-AA-V1/" local="130936197609455214" remote="131058831600000000" Dst="0" />
<file name="bg-office.png" server="ili-studios.tn//public_html/projets/iLi-ERP-AA-V1/" local="130936197609475241" remote="131058831600000000" Dst="0" />
<file name="bg-outlets.png" server="ili-studios.tn//public_html/projets/iLi-ERP-AA-V1/" local="130936197609485250" remote="131058831600000000" Dst="0" />
<file name="bg-rebel.png" server="ili-studios.tn//public_html/projets/iLi-ERP-AA-V1/" local="130936197609505259" remote="131058831600000000" Dst="0" />
<file name="bg-skewed.png" server="ili-studios.tn//public_html/projets/iLi-ERP-AA-V1/" local="130936197610566225" remote="131058831600000000" Dst="0" />
<file name="bg-suit.png" server="ili-studios.tn//public_html/projets/iLi-ERP-AA-V1/" local="130936197610596256" remote="131058831600000000" Dst="0" />
<file name="bg-tasky.png" server="ili-studios.tn//public_html/projets/iLi-ERP-AA-V1/" local="130936197610606261" remote="131058831600000000" Dst="0" />
<file name="bg-tire.png" server="ili-studios.tn//public_html/projets/iLi-ERP-AA-V1/" local="130936197611927443" remote="131058831600000000" Dst="0" />
<file name="bg-twill.png" server="ili-studios.tn//public_html/projets/iLi-ERP-AA-V1/" local="130936197611967478" remote="131058831600000000" Dst="0" />
<file name="bg-txture.png" server="ili-studios.tn//public_html/projets/iLi-ERP-AA-V1/" local="130936197611977487" remote="131058831600000000" Dst="0" />
<file name="bg-tr24.png" server="ili-studios.tn//public_html/projets/iLi-ERP-AA-V1/" local="130936197611957478" remote="131058831600000000" Dst="0" />
<file name="bg-tile.png" server="ili-studios.tn//public_html/projets/iLi-ERP-AA-V1/" local="130936197610616261" remote="131058831600000000" Dst="0" />
<file name="bg-wall.png" server="ili-studios.tn//public_html/projets/iLi-ERP-AA-V1/" local="130936197613789114" remote="131058831600000000" Dst="0" />
<file name="bg-brick.png" server="ili-manager-1.0.ili-studios.tn//public_html/" local="130936197609204994" remote="131082422400000000" Dst="0" />
<file name="bg-burried.png" server="ili-manager-1.0.ili-studios.tn//public_html/" local="130936197609215003" remote="131082422400000000" Dst="0" />
<file name="bg-asfalt.png" server="ili-manager-1.0.ili-studios.tn//public_html/" local="130936197609194976" remote="131082422400000000" Dst="0" />
<file name="bg-carbon.png" server="ili-manager-1.0.ili-studios.tn//public_html/" local="130936197609225012" remote="131082422400000000" Dst="0" />
<file name="bg-darkdenim3.png" server="ili-manager-1.0.ili-studios.tn//public_html/" local="130936197609275048" remote="131082422400000000" Dst="0" />
<file name="bg-denim.png" server="ili-manager-1.0.ili-studios.tn//public_html/" local="130936197609285066" remote="131082422400000000" Dst="0" />
<file name="bg-cloth.png" server="ili-manager-1.0.ili-studios.tn//public_html/" local="130936197609255052" remote="131082422400000000" Dst="0" />
<file name="bg-dotted.png" server="ili-manager-1.0.ili-studios.tn//public_html/" local="130936197609305084" remote="131082422400000000" Dst="0" />
<file name="bg-dirty.png" server="ili-manager-1.0.ili-studios.tn//public_html/" local="130936197609295075" remote="131082422400000000" Dst="0" />
<file name="bg-dvsup.png" server="ili-manager-1.0.ili-studios.tn//public_html/" local="130936197609315093" remote="131082422400000000" Dst="0" />
<file name="bg-fabric.png" server="ili-manager-1.0.ili-studios.tn//public_html/" local="130936197609325106" remote="131082422400000000" Dst="0" />
<file name="bg-hexabunp.png" server="ili-manager-1.0.ili-studios.tn//public_html/" local="130936197609335132" remote="131082422400000000" Dst="0" />
<file name="bg-illusion.png" server="ili-manager-1.0.ili-studios.tn//public_html/" local="130936197609365142" remote="131082422400000000" Dst="0" />
<file name="bg-icongrpip.png" server="ili-manager-1.0.ili-studios.tn//public_html/" local="130936197609355133" remote="131082422400000000" Dst="0" />
<file name="bg-linen.png" server="ili-manager-1.0.ili-studios.tn//public_html/" local="130936197609385160" remote="131082422400000000" Dst="0" />
<file name="bg-mamba.png" server="ili-manager-1.0.ili-studios.tn//public_html/" local="130936197609395173" remote="131082422400000000" Dst="0" />
<file name="bg-matter.png" server="ili-manager-1.0.ili-studios.tn//public_html/" local="130936197609405178" remote="131082422400000000" Dst="0" />
<file name="bg-metal.png" server="ili-manager-1.0.ili-studios.tn//public_html/" local="130936197609425200" remote="131082422400000000" Dst="0" />
<file name="bg-nami.png" server="ili-manager-1.0.ili-studios.tn//public_html/" local="130936197609435196" remote="131082422400000000" Dst="0" />
<file name="bg-noisy.png" server="ili-manager-1.0.ili-studios.tn//public_html/" local="130936197609465232" remote="131082422400000000" Dst="0" />
<file name="bg-office.png" server="ili-manager-1.0.ili-studios.tn//public_html/" local="130936197609475241" remote="131082422400000000" Dst="0" />
<file name="bg-navy.png" server="ili-manager-1.0.ili-studios.tn//public_html/" local="130936197609455214" remote="131082422400000000" Dst="0" />
<file name="bg-outlets.png" server="ili-manager-1.0.ili-studios.tn//public_html/" local="130936197609485250" remote="131082422400000000" Dst="0" />
<file name="bg-skewed.png" server="ili-manager-1.0.ili-studios.tn//public_html/" local="130936197610566225" remote="131082422400000000" Dst="0" />
<file name="bg-rebel.png" server="ili-manager-1.0.ili-studios.tn//public_html/" local="130936197609505259" remote="131082422400000000" Dst="0" />
<file name="bg-suit.png" server="ili-manager-1.0.ili-studios.tn//public_html/" local="130936197610596256" remote="131082422400000000" Dst="0" />
<file name="bg-tasky.png" server="ili-manager-1.0.ili-studios.tn//public_html/" local="130936197610606261" remote="131082422400000000" Dst="0" />
<file name="bg-tire.png" server="ili-manager-1.0.ili-studios.tn//public_html/" local="130936197611927443" remote="131082422400000000" Dst="0" />
<file name="bg-txture.png" server="ili-manager-1.0.ili-studios.tn//public_html/" local="130936197611977487" remote="131082422400000000" Dst="0" />
<file name="bg-twill.png" server="ili-manager-1.0.ili-studios.tn//public_html/" local="130936197611967478" remote="131082422400000000" Dst="0" />
<file name="bg-tr24.png" server="ili-manager-1.0.ili-studios.tn//public_html/" local="130936197611957478" remote="131082422400000000" Dst="0" />
<file name="bg-tile.png" server="ili-manager-1.0.ili-studios.tn//public_html/" local="130936197610616261" remote="131082422400000000" Dst="0" />
<file name="bg-wall.png" server="ili-manager-1.0.ili-studios.tn//public_html/" local="130936197613789114" remote="131082422400000000" Dst="0" />
</dwsync>