<?xml version="1.0" encoding="utf-8" ?>
<dwsync>
<file name="DT_bootstrap.css" server="www.ili-studios.com//domains/erp.ili-studios.com/public_html/" local="130909279832332303" remote="130919016000000000" Dst="0" />
<file name="DT_bootstrap.js" server="www.ili-studios.com//domains/erp.ili-studios.com/public_html/" local="130912764527247789" remote="130919019600000000" Dst="0" />
<file name="jquery.dataTables.js" server="www.ili-studios.com//domains/erp.ili-studios.com/public_html/" local="130915562006127197" remote="130919019600000000" Dst="0" />
<file name="DT_bootstrap.css" server="www.hebergili.com//public_html/" local="130909279832332303" remote="130927726200000000" Dst="0" />
<file name="DT_bootstrap.js" server="www.hebergili.com//public_html/" local="130912764527247789" remote="130927726200000000" Dst="0" />
<file name="jquery.dataTables.js" server="www.hebergili.com//public_html/" local="130915562006127197" remote="130927726200000000" Dst="0" />
<file name="DT_bootstrap.css" server="erp.ili-studios.com/public_html/" local="130936197615520660" remote="130945720800000000" Dst="0" />
<file name="DT_bootstrap.js" server="erp.ili-studios.com/public_html/" local="130936197615630759" remote="130945720800000000" Dst="0" />
<file name="jquery.dataTables.js" server="erp.ili-studios.com/public_html/" local="130940669253846152" remote="130945720800000000" Dst="0" />
<file name="DT_bootstrap.js" server="erp-aa-v1.ili-studios.tn//public_html/" local="130936197615630759" remote="131057280600000000" Dst="0" />
<file name="jquery.dataTables.js" server="erp-aa-v1.ili-studios.tn//public_html/" local="131055789724084966" remote="131057280600000000" Dst="0" />
<file name="DT_bootstrap.css" server="erp-aa-v1.ili-studios.tn//public_html/" local="130936197615520660" remote="131057281200000000" Dst="0" />
<file name="DT_bootstrap.js" server="ili-studios.tn//public_html/projets/iLi-ERP-AA-V1/" local="130936197615630759" remote="131082363000000000" Dst="0" />
<file name="jquery.dataTables.js" server="ili-studios.tn//public_html/projets/iLi-ERP-AA-V1/" local="131055789724084966" remote="131058828000000000" Dst="0" />
<file name="DT_bootstrap.css" server="ili-studios.tn//public_html/projets/iLi-ERP-AA-V1/" local="130936197615520660" remote="131058828600000000" Dst="0" />
</dwsync>