<?xml version="1.0" encoding="utf-8" ?>
<dwsync>
<file name="dropzone.styl" server="www.ili-studios.com//domains/erp.ili-studios.com/public_html/" local="130909279833183080" remote="130919020200000000" Dst="0" />
<file name="basic.styl" server="www.ili-studios.com//domains/erp.ili-studios.com/public_html/" local="130909279833123013" remote="130919020200000000" Dst="0" />
<file name="basic.styl" server="www.hebergili.com//public_html/" local="130909279833123013" remote="130927728600000000" Dst="0" />
<file name="dropzone.styl" server="www.hebergili.com//public_html/" local="130909279833183080" remote="130927728600000000" Dst="0" />
<file name="basic.styl" server="erp.ili-studios.com/public_html/" local="130936197617892781" remote="130945722600000000" Dst="0" />
<file name="dropzone.styl" server="erp.ili-studios.com/public_html/" local="130936197618082974" remote="130945722600000000" Dst="0" />
<file name="basic.styl" server="erp-aa-v1.ili-studios.tn//public_html/" local="130936197617892781" remote="131057284200000000" Dst="0" />
<file name="dropzone.styl" server="erp-aa-v1.ili-studios.tn//public_html/" local="130936197618082974" remote="131057284200000000" Dst="0" />
<file name="basic.styl" server="ili-studios.tn//public_html/projets/iLi-ERP-AA-V1/" local="130936197617892781" remote="131058831600000000" Dst="0" />
<file name="dropzone.styl" server="ili-studios.tn//public_html/projets/iLi-ERP-AA-V1/" local="130936197618082974" remote="131058831600000000" Dst="0" />
<file name="basic.styl" server="ili-manager-1.0.ili-studios.tn//public_html/" local="130936197617892781" remote="131082423000000000" Dst="0" />
<file name="dropzone.styl" server="ili-manager-1.0.ili-studios.tn//public_html/" local="130936197618082974" remote="131082423000000000" Dst="0" />
</dwsync>