<?xml version="1.0" encoding="utf-8" ?>
<dwsync>
<file name="Google Android License.txt" server="www.ili-studios.com//domains/erp.ili-studios.com/public_html/" local="130909279830320508" remote="130919019600000000" Dst="0" />
<file name="Roboto-Light.ttf" server="www.ili-studios.com//domains/erp.ili-studios.com/public_html/" local="130909279830440620" remote="130919019600000000" Dst="0" />
<file name="Google Android License.txt" server="www.hebergili.com//public_html/" local="130909279830320508" remote="130927728600000000" Dst="0" />
<file name="Roboto-Light.ttf" server="www.hebergili.com//public_html/" local="130909279830440620" remote="130927728600000000" Dst="0" />
<file name="Google Android License.txt" server="erp.ili-studios.com/public_html/" local="130936197606592648" remote="130945722600000000" Dst="0" />
<file name="Roboto-Light.ttf" server="erp.ili-studios.com/public_html/" local="130936197606672712" remote="130945722600000000" Dst="0" />
<file name="Google Android License.txt" server="erp-aa-v1.ili-studios.tn//public_html/" local="130936197606592648" remote="131057284200000000" Dst="0" />
<file name="Roboto-Light.ttf" server="erp-aa-v1.ili-studios.tn//public_html/" local="130936197606672712" remote="131057284200000000" Dst="0" />
<file name="Google Android License.txt" server="ili-studios.tn//public_html/projets/iLi-ERP-AA-V1/" local="130936197606592648" remote="131058831600000000" Dst="0" />
<file name="Roboto-Light.ttf" server="ili-studios.tn//public_html/projets/iLi-ERP-AA-V1/" local="130936197606672712" remote="131058831600000000" Dst="0" />
<file name="Google Android License.txt" server="ili-manager-1.0.ili-studios.tn//public_html/" local="130936197606592648" remote="131082422400000000" Dst="0" />
<file name="Roboto-Light.ttf" server="ili-manager-1.0.ili-studios.tn//public_html/" local="130936197606672712" remote="131082423000000000" Dst="0" />
</dwsync>